title,price,area,address,metro,metro_time,date,url,coords,towers_nearby
"ПСН, салон, офис, бьюти, студия 65.5 м² с трафиком в Москве",150000,65.5,"Ул. Михайлова, 31А",Плющево,6–10 мин.,11 февраля 22:05,https://www.avito.ru/moskva/kommercheskaya_nedvizhimost/psn_salon_ofis_byuti_studiya_65.5_m_s_trafikom_7852257776,"{'lat': 55.726013, 'lon': 37.775008}",11
"Свободного назначения, 18 м² в Москве",50000,18.0,"Дмитровское ш., 100",Яхромская,до 5 мин.,26 июня 2015,https://www.avito.ru/moskva/kommercheskaya_nedvizhimost/svobodnogo_naznacheniya_18_m_596361375,"{'lat': 55.881721, 'lon': 37.545529}",18
"Свободного назначения, 98 м² на высоком трафике в Москве",250000,98.0,"Ул. Артюхиной, 26А",Печатники,11–15 мин.,1 неделю назад,https://www.avito.ru/moskva/kommercheskaya_nedvizhimost/svobodnogo_naznacheniya_98_m_na_vysokom_trafike_8030252470,"{'lat': 55.694597, 'lon': 37.738255}",19
"Сдам офисное помещение, 73 м² в Москве",169999,73.0,"Варшавское ш., 1с6",Тульская,6–10 мин.,1 апреля 08:33,https://www.avito.ru/moskva/kommercheskaya_nedvizhimost/sdam_ofisnoe_pomeschenie_73_m_7995981812,"{'lat': 55.703984, 'lon': 37.624056}",16
"Аренда склада, 15 м² в Москве",16900,15.0,"Молодогвардейская ул., 65с3",Молодёжная,21–30 мин.,3 дня назад,https://www.avito.ru/moskva/kommercheskaya_nedvizhimost/arenda_sklada_15_m_8183259316,"{'lat': 55.732581, 'lon': 37.38447}",11
"Офис, 143 м² в Москве",244000,143.0,"Ярославское ш., 146к2",Бабушкинская,от 31 мин.,7 дней назад,https://www.avito.ru/moskva/kommercheskaya_nedvizhimost/ofis_143_m_8098038377,"{'lat': 55.878973, 'lon': 37.729788}",8
"Склад, 37.8 м² в Москве",45360,37.8,"Киевское шоссе, 22-й километр, 4с1кА",Румянцево,до 5 мин.,12 мая 2025,https://www.avito.ru/moskva/kommercheskaya_nedvizhimost/sklad_37.8_m_7354324426,"{'lat': 55.633958, 'lon': 37.439969}",8
"Торговое помещение, 122.9 м² в Москве",264235,122.9,"Челюскинская ул., 9",Медведково,от 31 мин.,3 дня назад,https://www.avito.ru/moskva/kommercheskaya_nedvizhimost/torgovoe_pomeschenie_122.9_m_8165709216,"{'lat': 55.882596, 'lon': 37.704897}",23
"Офис, 91.3 м² в Москве",215000,91.3,"Складочная ул., 1с18",Савёловская,11–15 мин.,19 марта 12:00,https://www.avito.ru/moskva/kommercheskaya_nedvizhimost/ofis_91.3_m_8031873601,"{'lat': 55.801106, 'lon': 37.592563}",11
"Свободного назначения, 46 м² в Москве",265000,46.0,"1-й Хвостов пер., 3Ас2",Полянка,до 5 мин.,2 недели назад,https://www.avito.ru/moskva/kommercheskaya_nedvizhimost/svobodnogo_naznacheniya_46_m_8046963487,"{'lat': 55.73455, 'lon': 37.618166}",33
Аренда 8 м²/ брови/ногти/лашмейкера/Без комиссии в Москве,20000,8.0,"Первомайская ул., 121",Первомайская,16–20 мин.,2 недели назад,https://www.avito.ru/moskva/kommercheskaya_nedvizhimost/arenda_8_m_brovinogtilashmeykerabez_komissii_8046256683,"{'lat': 55.793876, 'lon': 37.821661}",16
"23 м² с ремонтом, трафик, под торговлю и услуги в Москве",59800,23.0,"Ул. Поляны, 5Ак1",Улица Скобелевская,6–10 мин.,3 дня назад,https://www.avito.ru/moskva/kommercheskaya_nedvizhimost/23_m_s_remontom_trafik_pod_torgovlyu_i_uslugi_8120283947,"{'lat': 55.554903, 'lon': 37.554049}",15
"Торговое помещение 19,7 м² с витриной в Москве",132000,19.7,"Дербеневская наб., 13/17к2",Павелецкая,21–30 мин.,3 дня назад,https://www.avito.ru/moskva/kommercheskaya_nedvizhimost/torgovoe_pomeschenie_197_m_s_vitrinoy_8068553110,"{'lat': 55.719555, 'lon': 37.64964}",17
"Аренда на высоком трафике у метро, 10 м² в Москве",70000,10.0,"Кольская ул., 8к1",Свиблово,6–10 мин.,2 недели назад,https://www.avito.ru/moskva/kommercheskaya_nedvizhimost/arenda_na_vysokom_trafike_u_metro_10_m_8150169781,"{'lat': 55.860763, 'lon': 37.648786}",17
"Свободного назначения, 79 м² в Москве",260000,79.0,"Амурская ул., 2к1",Локомотив,до 5 мин.,11 апреля 18:15,https://www.avito.ru/moskva/kommercheskaya_nedvizhimost/svobodnogo_naznacheniya_79_m_8026017713,"{'lat': 55.80469, 'lon': 37.750584}",25
"Свободного назначения, 20 м² в Москве",3500,20.0,"Пр-т Куприна, 7к1",Потапово,21–30 мин.,7 апреля 17:34,https://www.avito.ru/moskva/kommercheskaya_nedvizhimost/svobodnogo_naznacheniya_20_m_7975166211,"{'lat': 55.541005, 'lon': 37.475833}",25
"Свободного назначения, 13 м² в Москве",40000,13.0,"Варшавское ш., 282к1",Щербинка,11–15 мин.,2 недели назад,https://www.avito.ru/moskva/kommercheskaya_nedvizhimost/svobodnogo_naznacheniya_13_m_8027181105,"{'lat': 55.518289, 'lon': 37.572818}",19
"Офис - Всё Включено, 37 м² в Москве",69700,37.0,"Западный административный округ, район Солнцево, Киевское шоссе, 22-й километр, 4с5кЕ",Румянцево,6–10 мин.,26 сентября 2024,https://www.avito.ru/moskva/kommercheskaya_nedvizhimost/ofis_-_vse_vklyucheno_37_m_4453932656,"{'lat': 55.637034, 'lon': 37.435059}",15
"Свободного назначения, 13 м² с юр адресом в Москве",26000,13.0,"Новочеркасский б-р, 13А",Марьино,11–15 мин.,30 июля 2025,https://www.avito.ru/moskva/kommercheskaya_nedvizhimost/svobodnogo_naznacheniya_13_m_s_yur_adresom_7552335624,"{'lat': 55.647613, 'lon': 37.72472}",9
13 м² в прикассе Перекрестка в ТЦ Северное Сияние в Москве,122000,13.0,"Б-р Дмитрия Донского, 1",Улица Старокачаловская,6–10 мин.,13 марта 12:38,https://www.avito.ru/moskva/kommercheskaya_nedvizhimost/13_m_v_prikasse_perekrestka_v_tts_severnoe_siyanie_7931432928,"{'lat': 55.575048, 'lon': 37.580234}",9
"Свободного назначения, 100 м² в Москве",30000,100.0,"Ул. Вавилова, 52к1",Академическая,11–15 мин.,25 марта 06:45,https://www.avito.ru/moskva/kommercheskaya_nedvizhimost/svobodnogo_naznacheniya_100_m_7962978108,"{'lat': 55.6897, 'lon': 37.55702}",7
"5 помещений от 5,6 до 21,9 м²/доступ 24-7 в Москве",10500,21.9,"Рижский пр., 13",ВДНХ,16–20 мин.,9 июня 2025,https://www.avito.ru/moskva/kommercheskaya_nedvizhimost/5_pomescheniy_ot_56_do_219_mdostup_24-7_7448382843,"{'lat': 55.817521, 'lon': 37.663523}",16
58 м² Офис Loft в Москве,200000,58.0,"Большая Садовая ул., 5к1",Маяковская,до 5 мин.,3 недели назад,https://www.avito.ru/moskva/kommercheskaya_nedvizhimost/58_m_ofis_loft_8096809127,"{'lat': 55.768518, 'lon': 37.592239}",25
"Свободного назначения, 15 м² в Москве",40000,15.0,"Люсиновская ул., 36с2",Серпуховская,6–10 мин.,3 дня назад,https://www.avito.ru/moskva/kommercheskaya_nedvizhimost/svobodnogo_naznacheniya_15_m_8137057007,"{'lat': 55.722889, 'lon': 37.620528}",15
"Аренда помещения свободного назначения, 15.3 м² в Москве",57555,15.3,"Сколковское ш., 40к3",Немчиновка,от 31 мин.,24 февраля 2025,https://www.avito.ru/moskva/kommercheskaya_nedvizhimost/arenda_pomescheniya_svobodnogo_naznacheniya_15.3_m_4749636428,"{'lat': 55.701494, 'lon': 37.393404}",13
"Склад, 37.8 м² в Москве",45360,37.8,"Киевское шоссе, 22-й километр, 4с1кА",Румянцево,до 5 мин.,12 мая 2025,https://www.avito.ru/moskva/kommercheskaya_nedvizhimost/sklad_37.8_m_7354324426,"{'lat': 55.633958, 'lon': 37.439969}",8
"Торговая площадь, 15 м² (кафе/шаурма/овощи) в Москве",35000,15.0,"Каширский пр., 9к1",Варшавская,11–15 мин.,2 недели назад,https://www.avito.ru/moskva/kommercheskaya_nedvizhimost/torgovaya_ploschad_15_m_kafeshaurmaovoschi_8133137609,"{'lat': 55.659328, 'lon': 37.62464}",14
"Автосервис, 49 м² в Москве",73500,49.0,"Сельскохозяйственная ул., 62А",Свиблово,16–20 мин.,2 недели назад,https://www.avito.ru/moskva/kommercheskaya_nedvizhimost/avtoservis_49_m_7980891879,"{'lat': 55.855822, 'lon': 37.629085}",16
"Офис, 45 м² в Москве",190000,45.0,"Ул. Василисы Кожиной, 13",Багратионовская,11–15 мин.,17 апреля 18:10,https://www.avito.ru/moskva/kommercheskaya_nedvizhimost/ofis_45_m_8064365663,"{'lat': 55.73609, 'lon': 37.499621}",12
Помещение 43.5 м² у Метро Сокольники в Москве,259000,43.5,"Сокольническая пл., 9А",Сокольники,до 5 мин.,7 дней назад,https://www.avito.ru/moskva/kommercheskaya_nedvizhimost/pomeschenie_43.5_m_u_metro_sokolniki_8062651899,"{'lat': 55.790408, 'lon': 37.679829}",17
"Свободного назначения, 20 м² в Москве",100000,20.0,"ЖК Остров, 5-й квартал, 3",Терехово,до 5 мин.,3 дня назад,https://www.avito.ru/moskva/kommercheskaya_nedvizhimost/svobodnogo_naznacheniya_20_m_8138017599,"{'lat': 55.748875, 'lon': 37.458054}",21
"Офис, 19 м² в Москве",20000,19.0,"Пос. Нагорное, вл3с3",Бибирево,от 31 мин.,1 неделю назад,https://www.avito.ru/moskva/kommercheskaya_nedvizhimost/ofis_19_m_8039027692,"{'lat': 55.893287, 'lon': 37.398045}",9
"М.Цветной бульвар - 8 м² (цоколь, собственник) в Москве",15000,8.0,"Лихов пер., 2/3с1",Цветной бульвар,6–10 мин.,10 октября 2025,https://www.avito.ru/moskva/kommercheskaya_nedvizhimost/m.tsvetnoy_bulvar_-_8_m_tsokol_sobstvennik_7723272314,"{'lat': 55.771339, 'lon': 37.612624}",15
"Свободного назначения, 73 м² в Москве",271000,73.0,"1-й Котляковский пер., 2Ак3А",Варшавская,6–10 мин.,7 дней назад,https://www.avito.ru/moskva/kommercheskaya_nedvizhimost/svobodnogo_naznacheniya_73_m_8165605599,"{'lat': 55.648905, 'lon': 37.631834}",21
50 м² на высоком трафике с ремонтом в Москве,150000,50.0,"Ленинский пр-т, 62/1",Вавиловская,11–15 мин.,1 неделю назад,https://www.avito.ru/moskva/kommercheskaya_nedvizhimost/50_m_na_vysokom_trafike_s_remontom_8131489231,"{'lat': 55.694502, 'lon': 37.552506}",17
Аренда склада 15 м² у м.Домодедовская в Москве,9100,15.0,"МКАД, 23-й километр, 10",Домодедовская,21–30 мин.,12 августа 2025,https://www.avito.ru/moskva/kommercheskaya_nedvizhimost/arenda_sklada_15_m_u_m.domodedovskaya_7568273313,"{'lat': 55.593752, 'lon': 37.73161}",14
33 м² на трафике Перекрестка в ТЦ в Москве,140000,33.0,"Б-р Дмитрия Донского, 1",Улица Старокачаловская,6–10 мин.,20 января 13:44,https://www.avito.ru/moskva/kommercheskaya_nedvizhimost/33_m_na_trafike_perekrestka_v_tts_7867769348,"{'lat': 55.575048, 'lon': 37.580234}",9
79 м² на мощном трафике с ремонтом в Москве,199000,79.0,"Ленинский пр-т, 62/1",Вавиловская,11–15 мин.,7 дней назад,https://www.avito.ru/moskva/kommercheskaya_nedvizhimost/79_m_na_moschnom_trafike_s_remontom_8131439797,"{'lat': 55.694502, 'lon': 37.552506}",17
"Свободного назначения, 62 м² в Москве",110000,62.0,"1-я Владимирская ул., 14",Перово,11–15 мин.,1 неделю назад,https://www.avito.ru/moskva/kommercheskaya_nedvizhimost/svobodnogo_naznacheniya_62_m_8059593744,"{'lat': 55.757147, 'lon': 37.775033}",19
"Склад, 72 м² в Москве",86400,72.0,"1-я Рыбинская ул., 1с5",Красносельская,16–20 мин.,24 марта 16:49,https://www.avito.ru/moskva/kommercheskaya_nedvizhimost/sklad_72_m_7916637645,"{'lat': 55.788954, 'lon': 37.656809}",14
"Офис, 20 м² в Москве",40000,20.0,"Кантемировская ул., 20к1",Кантемировская,6–10 мин.,21 апреля 18:22,https://www.avito.ru/moskva/kommercheskaya_nedvizhimost/ofis_20_m_8014436632,"{'lat': 55.638758, 'lon': 37.661965}",13
"Офис, 51 м² свободное назначение с мокрой точкой в Москве",100000,51.0,"Электродная ул., 2с12",Шоссе Энтузиастов,6–10 мин.,5 марта 20:37,https://www.avito.ru/moskva/kommercheskaya_nedvizhimost/ofis_51_m_svobodnoe_naznachenie_s_mokroy_tochkoy_7960240560,"{'lat': 55.75396, 'lon': 37.749244}",23
"Свободного назначения, 20 м² в Москве",65000,20.0,"Люблинская ул., 72Ак1",Депо,21–30 мин.,1 неделю назад,https://www.avito.ru/moskva/kommercheskaya_nedvizhimost/svobodnogo_naznacheniya_20_m_8039452408,"{'lat': 55.66735, 'lon': 37.735939}",12
Помещение 15 м² с ремонтом у метро Планерная в Москве,50000,15.0,"Ул. Вилиса Лациса, 1",Планерная,6–10 мин.,Вчера,https://www.avito.ru/moskva/kommercheskaya_nedvizhimost/pomeschenie_15_m_s_remontom_u_metro_planernaya_8137586706,"{'lat': 55.864814, 'lon': 37.432351}",19
"Офис, 13.5 м² в Зеленограде",29900,13.5,,,,1 час назад,https://www.avito.ru/moskva_zelenograd/kommercheskaya_nedvizhimost/ofis_13.5_m_8182302603,"{'lat': 55.7588, 'lon': 37.617835}",12
"Свободного назначения, 21.8 м² в Москве",28640,21.8,"Пр-т Мира, 89",Алексеевская,6–10 мин.,16 апреля 12:49,https://www.avito.ru/moskva/kommercheskaya_nedvizhimost/svobodnogo_naznacheniya_21.8_m_7948100062,"{'lat': 55.804467, 'lon': 37.635552}",6
"Офис, 16 м² в Москве",21000,16.0,"Ул. Стромынка, 13А",Сокольники,11–15 мин.,30 января 2017,https://www.avito.ru/moskva/kommercheskaya_nedvizhimost/ofis_16_m_909372773,"{'lat': 55.794416, 'lon': 37.692898}",19
Торговая площадь от 2 м² до 15 м² в Москве,50000,2.0,"Лесная ул., 20с3",Менделеевская,6–10 мин.,8 апреля 11:03,https://www.avito.ru/moskva/kommercheskaya_nedvizhimost/torgovaya_ploschad_ot_2_m_do_15_m_7995729834,"{'lat': 55.780226, 'lon': 37.592963}",16
"Офис с окнами в новом БЦ, 20.5 м² в Москве",66625,20.5,"Складочная ул., 1с5",Дмитровская,11–15 мин.,2 недели назад,https://www.avito.ru/moskva/kommercheskaya_nedvizhimost/ofis_s_oknami_v_novom_bts_20.5_m_8027325513,"{'lat': 55.804632, 'lon': 37.594045}",17
"Свободного назначения, 25 м² в Москве",80000,25.0,"Холодильный пер., 3к1с8",Тульская,до 5 мин.,7 апреля 21:28,https://www.avito.ru/moskva/kommercheskaya_nedvizhimost/svobodnogo_naznacheniya_25_m_7995598069,"{'lat': 55.708761, 'lon': 37.628399}",9
"Офис, 27.6 м² в Москве",1350,27.6,"Коптевская ул., 75Бк1",Коптево,6–10 мин.,2 недели назад,https://www.avito.ru/moskva/kommercheskaya_nedvizhimost/ofis_27.6_m_8151036370,"{'lat': 55.834275, 'lon': 37.518376}",9
28 м² у метро с ремонтом в Москве,90000,28.0,"Пос. Коммунарка, ул. Александры Монаховой, 87к4",Потапово,6–10 мин.,3 дня назад,https://www.avito.ru/moskva/kommercheskaya_nedvizhimost/28_m_u_metro_s_remontom_8131106202,"{'lat': 55.550173, 'lon': 37.489177}",22
"Долгосрочная Аренда Торгового Помещения, 39.1 м² в Москве",286000,39.1,"Большая Черкизовская ул., 1к2",Преображенская площадь,до 5 мин.,27 февраля 19:24,https://www.avito.ru/moskva/kommercheskaya_nedvizhimost/dolgosrochnaya_arenda_torgovogo_pomescheniya_39.1_m_7925284673,"{'lat': 55.797252, 'lon': 37.715456}",19
"Склад 25,6 м² в Москве",35000,25.6,"Кубанская ул., 27",Люблино,6–10 мин.,13 марта 2025,https://www.avito.ru/moskva/kommercheskaya_nedvizhimost/sklad_256_m_7202536793,"{'lat': 55.68429, 'lon': 37.741779}",15
"Общепит, аренда корнера в Парк Фудхолл 16.5 м² в Москве",19000,16.5,"Пр-т Вернадского, 86В",Юго-Западная,до 5 мин.,27 февраля 2025,https://www.avito.ru/moskva/kommercheskaya_nedvizhimost/obschepit_arenda_kornera_v_park_fudholl_16.5_m_4555216111,"{'lat': 55.661473, 'lon': 37.480108}",9
"Под бьюти, услуги,ателье, 9 м² в Москве",35000,9.0,"Ул. Анны Ахматовой, 2",Рассказовка,6–10 мин.,2 недели назад,https://www.avito.ru/moskva/kommercheskaya_nedvizhimost/pod_byuti_uslugiatele_9_m_8017151266,"{'lat': 55.638633, 'lon': 37.330666}",13
"Торговая площадь, 112 м² на центральной улице ЖК в Москве",280000,112.0,"Пр-т Куприна, 7к1",Потапово,21–30 мин.,2 недели назад,https://www.avito.ru/moskva/kommercheskaya_nedvizhimost/torgovaya_ploschad_112_m_na_tsentralnoy_ulitse_zhk_8115239959,"{'lat': 55.541005, 'lon': 37.475833}",25
"Аренда АВТОСЕРВИСА: 2 бокса, 145 м² в Москве",250000,145.0,"Ул. Авиаторов, 13с8",Румянцево,21–30 мин.,7 апреля 12:54,https://www.avito.ru/moskva/kommercheskaya_nedvizhimost/arenda_avtoservisa_2_boksa_145_m_7948337138,"{'lat': 55.639687, 'lon': 37.414133}",18
Аренда помещения 45 м² на трафике у остановки в Москве,5267,45.0,"Ул. Дмитрия Ульянова, 1/61",Академическая,11–15 мин.,3 дня назад,https://www.avito.ru/moskva/kommercheskaya_nedvizhimost/arenda_pomescheniya_45_m_na_trafike_u_ostanovki_8090443649,"{'lat': 55.693963, 'lon': 37.558962}",10
"Street retail на 1 линии с мокрой точкой, 86 м² в Москве",380000,86.0,"Б-р Дмитрия Донского, 1",Улица Старокачаловская,6–10 мин.,20 января 15:10,https://www.avito.ru/moskva/kommercheskaya_nedvizhimost/street_retail_na_1_linii_s_mokroy_tochkoy_86_m_7867015503,"{'lat': 55.575048, 'lon': 37.580234}",9
"Свободного назначения, 11 м² в Москве",23100,11.0,"1-я Владимирская ул., 41",Перово,до 5 мин.,7 дней назад,https://www.avito.ru/moskva/kommercheskaya_nedvizhimost/svobodnogo_naznacheniya_11_m_8165086496,"{'lat': 55.749128, 'lon': 37.781412}",13
"Свободного назначения, 16.8 м² в Москве",44900,16.8,"Лавров пер., 8с1",Крестьянская застава,до 5 мин.,10 сентября 2025,https://www.avito.ru/moskva/kommercheskaya_nedvizhimost/svobodnogo_naznacheniya_16.8_m_7620170375,"{'lat': 55.733501, 'lon': 37.660132}",10
"Свободного назначения, 24 м² в Москве",27000,24.0,"Новопесчаная ул., 17к3",Сокол,11–15 мин.,3 недели назад,https://www.avito.ru/moskva/kommercheskaya_nedvizhimost/svobodnogo_naznacheniya_24_m_8115591890,"{'lat': 55.79703, 'lon': 37.51404}",17
"Офис, 22 м² в Москве",170000,22.0,"Неглинная ул., 20",Трубная,до 5 мин.,1 час назад,https://www.avito.ru/moskva/kommercheskaya_nedvizhimost/ofis_22_m_8080359045,"{'lat': 55.76651, 'lon': 37.622871}",16
"Помещение 15,0 м² с новым ремонтом в Москве",43000,15.0,"Дербеневская наб., 13/17к2",Павелецкая,21–30 мин.,3 дня назад,https://www.avito.ru/moskva/kommercheskaya_nedvizhimost/pomeschenie_150_m_s_novym_remontom_8068351177,"{'lat': 55.719555, 'lon': 37.64964}",17
"Торговая площадь, 30 м² в Москве",139000,30.0,"Дмитровское ш., 68",Верхние Лихоборы,до 5 мин.,5 апреля 2023,https://www.avito.ru/moskva/kommercheskaya_nedvizhimost/torgovaya_ploschad_30_m_2872876754,"{'lat': 55.85877, 'lon': 37.559985}",17
Аренда помещения 38 м² на трафике у остановки в Москве,5215,38.0,"Ул. Дмитрия Ульянова, 1/61",Академическая,11–15 мин.,1 неделю назад,https://www.avito.ru/moskva/kommercheskaya_nedvizhimost/arenda_pomescheniya_38_m_na_trafike_u_ostanovki_8090874777,"{'lat': 55.693963, 'lon': 37.558962}",10
Свободного назначения 25 м² от собственника в Москве,35000,25.0,"Дмитровское ш., 34к1",Петровско-Разумовская,6–10 мин.,3 дня назад,https://www.avito.ru/moskva/kommercheskaya_nedvizhimost/svobodnogo_naznacheniya_25_m_ot_sobstvennika_8147733698,"{'lat': 55.839507, 'lon': 37.5737}",13
"Производство, 74.1 м² в Москве",1600,74.1,"1-я Рыбинская ул., 1с3",Рижская,16–20 мин.,2 недели назад,https://www.avito.ru/moskva/kommercheskaya_nedvizhimost/proizvodstvo_74.1_m_8151582879,"{'lat': 55.790041, 'lon': 37.653612}",16
"Склад, 30 м² в Москве",29900,30.0,"Беловежская ул., 22",Сетунь,21–30 мин.,2 недели назад,https://www.avito.ru/moskva/kommercheskaya_nedvizhimost/sklad_30_m_8129644965,"{'lat': 55.709336, 'lon': 37.392423}",19
Кабинеты от 10м² в Москве,38000,10.0,"Нелидовская ул., 25к1",Сходненская,6–10 мин.,1 неделю назад,https://www.avito.ru/moskva/kommercheskaya_nedvizhimost/kabinety_ot_10m_8131652925,"{'lat': 55.845674, 'lon': 37.433942}",13
"Свободного назначения, 70 м² в Москве",100000,70.0,"Ясногорская ул., 2",Ясенево,6–10 мин.,20 ноября 2024,https://www.avito.ru/moskva/kommercheskaya_nedvizhimost/svobodnogo_naznacheniya_70_m_4440977090,"{'lat': 55.610225, 'lon': 37.536455}",17
В Экогастрономе от 10 м² до 35м2 (якорь Ермолино) в Москве,35000,10.0,"Варшавское ш., 282к2",Щербинка,11–15 мин.,3 дня назад,https://www.avito.ru/moskva/kommercheskaya_nedvizhimost/v_ekogastronome_ot_10_m_do_35m2_yakor_ermolino_8147276068,"{'lat': 55.517427, 'lon': 37.572586}",13
"Офисное помещение, 38 м² в Москве",19000,38.0,"Остаповский пр., 5/1с1",Угрешская,11–15 мин.,24 августа 2015,https://www.avito.ru/moskva/kommercheskaya_nedvizhimost/ofisnoe_pomeschenie_38_m_629325899,"{'lat': 55.722579, 'lon': 37.70298}",13
"Свободного назначения, 12 м² в Москве",24860,12.0,"Ул. Касаткина, 16",ВДНХ,16–20 мин.,3 дня назад,https://www.avito.ru/moskva/kommercheskaya_nedvizhimost/svobodnogo_naznacheniya_12_m_8012041512,"{'lat': 55.823842, 'lon': 37.66254}",9
"Свободного назначения, 35 м² в Москве",1000,35.0,Пр-т Маршала Жукова,Народное Ополчение,6–10 мин.,13 апреля 17:48,https://www.avito.ru/moskva/kommercheskaya_nedvizhimost/svobodnogo_naznacheniya_35_m_8043582978,"{'lat': 55.776113, 'lon': 37.470406}",21
"Сдам помещение свободного назначения, 55.3 м² в Москве",5200,55.3,"Пр. Невельского, 3к2",Москва-Товарная,11–15 мин.,3 часа назад,https://www.avito.ru/moskva/kommercheskaya_nedvizhimost/sdam_pomeschenie_svobodnogo_naznacheniya_55.3_m_8071121449,"{'lat': 55.75203, 'lon': 37.698665}",17
"Торговая площадь, 132.8 м² в Москве",200000,132.8,"Куликовская ул., 6",Бульвар Дмитрия Донского,11–15 мин.,21 апреля 12:06,https://www.avito.ru/moskva/kommercheskaya_nedvizhimost/torgovaya_ploschad_132.8_m_8047415977,"{'lat': 55.574114, 'lon': 37.565259}",14
"Торговая площадь, 20 м² в Москве",100000,20.0,"2-я Вольская ул., 20",Люберцы,16–20 мин.,20 декабря 2025,https://www.avito.ru/moskva/kommercheskaya_nedvizhimost/torgovaya_ploschad_20_m_7834315521,"{'lat': 55.68619, 'lon': 37.920508}",18
"Свободного назначения, 70 м² в Москве",100000,70.0,"Ясногорская ул., 2",Ясенево,6–10 мин.,20 ноября 2024,https://www.avito.ru/moskva/kommercheskaya_nedvizhimost/svobodnogo_naznacheniya_70_m_4440977090,"{'lat': 55.610225, 'lon': 37.536455}",17
Кабинеты от 10м² в Москве,38000,10.0,"Нелидовская ул., 25к1",Сходненская,6–10 мин.,1 неделю назад,https://www.avito.ru/moskva/kommercheskaya_nedvizhimost/kabinety_ot_10m_8131652925,"{'lat': 55.845674, 'lon': 37.433942}",13
"Торговая площадь, 132.8 м² в Москве",200000,132.8,"Куликовская ул., 6",Бульвар Дмитрия Донского,11–15 мин.,21 апреля 12:06,https://www.avito.ru/moskva/kommercheskaya_nedvizhimost/torgovaya_ploschad_132.8_m_8047415977,"{'lat': 55.574114, 'lon': 37.565259}",14
"Свободного назначения, 22 м² в Москве",55555,22.0,"Производственная ул., 17",Новопеределкино,6–10 мин.,1 неделю назад,https://www.avito.ru/moskva/kommercheskaya_nedvizhimost/svobodnogo_naznacheniya_22_m_8106767651,"{'lat': 55.643689, 'lon': 37.382149}",12
"Помещение под пвз, 59.3 м² в Москве",120000,59.3,"Ул. Хлобыстова, 20к1",Выхино,6–10 мин.,19 марта 12:45,https://www.avito.ru/moskva/kommercheskaya_nedvizhimost/pomeschenie_pod_pvz_59.3_m_8077228811,"{'lat': 55.716924, 'lon': 37.81123}",7
"Офис, 110 м² в Москве",390000,110.0,"Большая Новодмитровская ул., 36с12",Дмитровская,6–10 мин.,24 марта 18:48,https://www.avito.ru/moskva/kommercheskaya_nedvizhimost/ofis_110_m_8011548288,"{'lat': 55.804328, 'lon': 37.58611}",13
Под дом быта от 5 м² и более в Москве,45000,5.0,"Варшавское ш., 282к2",Щербинка,11–15 мин.,3 дня назад,https://www.avito.ru/moskva/kommercheskaya_nedvizhimost/pod_dom_byta_ot_5_m_i_bolee_8146885428,"{'lat': 55.517427, 'lon': 37.572586}",13
"Аренда помещения 40 м² Алексеевская, Москва в Москве",175000,40.0,"Ул. Годовикова, 11к4",Алексеевская,11–15 мин.,14 апреля 16:29,https://www.avito.ru/moskva/kommercheskaya_nedvizhimost/arenda_pomescheniya_40_m_alekseevskaya_moskva_8028715246,"{'lat': 55.809504, 'lon': 37.624678}",17
"Торговая площадь, 105 м² в Москве",99999,105.0,"Наб. Марка Шагала, 11к2",Технопарк,21–30 мин.,22 апреля 11:25,https://www.avito.ru/moskva/kommercheskaya_nedvizhimost/torgovaya_ploschad_105_m_8075147682,"{'lat': 55.686623, 'lon': 37.63976}",24
"Свободного назначения, 120 м² в Москве",350000,120.0,"Феодосийская ул., 7к3",Бульвар Дмитрия Донского,6–10 мин.,Вчера,https://www.avito.ru/moskva/kommercheskaya_nedvizhimost/svobodnogo_naznacheniya_120_m_8008874675,"{'lat': 55.561102, 'lon': 37.578194}",15
"Свободного назначения, 75 м² в Москве",299000,75.0,"2-й Котляковский пер., 1к6/1",Варшавская,11–15 мин.,15 апреля 13:35,https://www.avito.ru/moskva/kommercheskaya_nedvizhimost/svobodnogo_naznacheniya_75_m_7989056911,"{'lat': 55.648462, 'lon': 37.633402}",20
"Свободного назначения, 25 м² в Москве",15500,25.0,"Ул. Новаторов, 15",Новаторская,11–15 мин.,8 августа 2025,https://www.avito.ru/moskva/kommercheskaya_nedvizhimost/svobodnogo_naznacheniya_25_m_7589658019,"{'lat': 55.660506, 'lon': 37.523651}",14
"Офис 22 м² с ремонтом, окном, парковой, в ТЦ в Москве",35000,22.0,"Ш. Энтузиастов, 63Б",Новогиреево,от 31 мин.,22 апреля 13:26,https://www.avito.ru/moskva/kommercheskaya_nedvizhimost/ofis_22_m_s_remontom_oknom_parkovoy_v_tts_8026074499,"{'lat': 55.776315, 'lon': 37.835531}",9
"Свободного назначения, 46 м² в Москве",265000,46.0,"1-й Хвостов пер., 3Ас2",Полянка,до 5 мин.,2 недели назад,https://www.avito.ru/moskva/kommercheskaya_nedvizhimost/svobodnogo_naznacheniya_46_m_8046963487,"{'lat': 55.73455, 'lon': 37.618166}",33
"Склад, 52 м² в Москве",75000,52.0,"Ул. Плеханова, 5",Шоссе Энтузиастов,6–10 мин.,1 неделю назад,https://www.avito.ru/moskva/kommercheskaya_nedvizhimost/sklad_52_m_8068855884,"{'lat': 55.756624, 'lon': 37.758608}",18
"Офис, склад 72 м² в Москве",78000,72.0,"Пос. Нагорное, Центральная ул., вл3с1",Медведково,от 31 мин.,6 июля 2023,https://www.avito.ru/moskva/kommercheskaya_nedvizhimost/ofis_sklad_72_m_3079797103,"{'lat': 55.901233, 'lon': 37.629332}",15
"Торговая площадь, 118.9 м² в Москве",200000,118.9,"Ул. Маресьева, 7к3",Некрасовка,11–15 мин.,2 часа назад,https://www.avito.ru/moskva/kommercheskaya_nedvizhimost/torgovaya_ploschad_118.9_m_8011974745,"{'lat': 55.710505, 'lon': 37.9333}",23
"Торговая площадь, 20 м² в Москве",100000,20.0,"2-я Вольская ул., 20",Люберцы,16–20 мин.,20 декабря 2025,https://www.avito.ru/moskva/kommercheskaya_nedvizhimost/torgovaya_ploschad_20_m_7834315521,"{'lat': 55.68619, 'lon': 37.920508}",18
"Теплый склад, 70 м² в Москве",1600,70.0,"1-я Рыбинская ул., 1с3",Рижская,16–20 мин.,3 дня назад,https://www.avito.ru/moskva/kommercheskaya_nedvizhimost/teplyy_sklad_70_m_8012787798,"{'lat': 55.790041, 'lon': 37.653612}",16
"Торговая площадь, 60 м² в Москве",60000,60.0,"Пятницкая ул., 37",Третьяковская,до 5 мин.,8 марта 2025,https://www.avito.ru/moskva/kommercheskaya_nedvizhimost/torgovaya_ploschad_60_m_5035550868,"{'lat': 55.738848, 'lon': 37.628606}",17
"Свободного назначения, 20 м² в Москве",45000,20.0,"Производственная ул., 17",Новопеределкино,6–10 мин.,5 часов назад,https://www.avito.ru/moskva/kommercheskaya_nedvizhimost/svobodnogo_naznacheniya_20_m_8138286252,"{'lat': 55.643689, 'lon': 37.382149}",12
"Помещение для любого вида деятельности, 40 м² в Москве",40000,40.0,"Измайловское ш., 28с1",Семёновская,11–15 мин.,18 февраля 13:59,https://www.avito.ru/moskva/kommercheskaya_nedvizhimost/pomeschenie_dlya_lyubogo_vida_deyatelnosti_40_m_7927999509,"{'lat': 55.778013, 'lon': 37.728008}",12
"'Аренда 11,2 м² у метро Тушинская в Москве",300000,11.2,"Тушинская ул., 24с15",Тушинская,до 5 мин.,7 дней назад,https://www.avito.ru/moskva/kommercheskaya_nedvizhimost/arenda_112_m_u_metro_tushinskaya_8120644458,"{'lat': 55.828264, 'lon': 37.439617}",6
"Офис, 6 м² в Москве",8000,6.0,"Ленинский пр-т, 52",Академическая,16–20 мин.,14 февраля 2022,https://www.avito.ru/moskva/kommercheskaya_nedvizhimost/ofis_6_m_2350536951,"{'lat': 55.699626, 'lon': 37.564081}",14
"Услуги & Цветы & Кафе на Мичуринском, 29 м² в Москве",70000,29.0,"Мичуринский пр-т, 16",Ломоносовский проспект,6–10 мин.,31 марта 10:28,https://www.avito.ru/moskva/kommercheskaya_nedvizhimost/uslugi_tsvety_kafe_na_michurinskom_29_m_8063767302,"{'lat': 55.702351, 'lon': 37.503969}",17
"Свободного назначения, от собственника, 26 м² в Москве",48000,26.0,"Хоромный тупик, 2/6",Красные ворота,до 5 мин.,25 декабря 2025,https://www.avito.ru/moskva/kommercheskaya_nedvizhimost/svobodnogo_naznacheniya_ot_sobstvennika_26_m_7806569662,"{'lat': 55.767946, 'lon': 37.648437}",10
"Сдам помещение свободного назначения, 106 м² в Москве",120000,106.0,"14-я Парковая ул., 4",Первомайская,16–20 мин.,12 мая 2025,https://www.avito.ru/moskva/kommercheskaya_nedvizhimost/sdam_pomeschenie_svobodnogo_naznacheniya_106_m_7357749195,"{'lat': 55.789985, 'lon': 37.81532}",15
"Офис, коворкинг 60 м² в Москве",70000,60.0,"Пос. Нагорное, Центральная ул., вл3с1",Медведково,от 31 мин.,1 неделю назад,https://www.avito.ru/moskva/kommercheskaya_nedvizhimost/ofis_kovorking_60_m_8039722847,"{'lat': 55.901233, 'lon': 37.629332}",15
Комната с водой под бьюти 13 м² в Москве,25000,13.0,"Балаклавский пр-т, 4к8",Чертановская,6–10 мин.,Вчера,https://www.avito.ru/moskva/kommercheskaya_nedvizhimost/komnata_s_vodoy_pod_byuti_13_m_8070996591,"{'lat': 55.641269, 'lon': 37.615279}",14
Аренда помещения 15 м² м. Нагатинская в Москве,45000,15.0,"2-й Нагатинский пр., 2/3",Коломенская,16–20 мин.,Вчера,https://www.avito.ru/moskva/kommercheskaya_nedvizhimost/arenda_pomescheniya_15_m_m._nagatinskaya_8070436917,"{'lat': 55.676245, 'lon': 37.640254}",11
Аренда помещения 20 м² ЖК Сиреневый парк в Москве,70000,20.0,"Тагильская ул., 2к1",Бульвар Рокоссовского,11–15 мин.,Вчера,https://www.avito.ru/moskva/kommercheskaya_nedvizhimost/arenda_pomescheniya_20_m_zhk_sirenevyy_park_8070353756,"{'lat': 55.818833, 'lon': 37.750206}",16
"16 м² с ремонтом, трафик, под торговлю и услуги в Москве",44800,16.0,"Ул. Поляны, 5Ак1",Улица Скобелевская,6–10 мин.,1 неделю назад,https://www.avito.ru/moskva/kommercheskaya_nedvizhimost/16_m_s_remontom_trafik_pod_torgovlyu_i_uslugi_8088759696,"{'lat': 55.554903, 'lon': 37.554049}",15
"Офис, 22 м² в Москве",20000,22.0,"Федеративный пр-т, 9к2",Новогиреево,11–15 мин.,30 сентября 2020,https://www.avito.ru/moskva/kommercheskaya_nedvizhimost/ofis_22_m_2026230404,"{'lat': 55.757834, 'lon': 37.802339}",11
Аренда 25 м² на высоком трафике в Москве,70000,25.0,"Олонецкая ул., 6",Отрадное,16–20 мин.,7 дней назад,https://www.avito.ru/moskva/kommercheskaya_nedvizhimost/arenda_25_m_na_vysokom_trafike_8138290775,"{'lat': 55.855445, 'lon': 37.622483}",7
"Офис, 20 м² (ифнс 24) в Москве",12000,20.0,"Гурьевский пр., 11к1",Зябликово,11–15 мин.,3 недели назад,https://www.avito.ru/moskva/kommercheskaya_nedvizhimost/ofis_20_m_ifns_24_8099249327,"{'lat': 55.601385, 'lon': 37.745015}",7
"Офис, 11.3 м² в Москве",25000,11.3,"Новослободская ул., 20",Менделеевская,до 5 мин.,7 дней назад,https://www.avito.ru/moskva/kommercheskaya_nedvizhimost/ofis_11.3_m_8030618992,"{'lat': 55.782509, 'lon': 37.598641}",11
17.3 м² Свободного назначения в Москве,18000,17.3,"Большая Черёмушкинская ул., 40к1",Профсоюзная,11–15 мин.,7 дней назад,https://www.avito.ru/moskva/kommercheskaya_nedvizhimost/17.3_m_svobodnogo_naznacheniya_8146962600,"{'lat': 55.677773, 'lon': 37.580802}",19
"Склад, 50 м² в Москве",772,50.0,"Мурманский пр., 1Ас1",Алексеевская,21–30 мин.,2 марта 12:50,https://www.avito.ru/moskva/kommercheskaya_nedvizhimost/sklad_50_m_7889666276,"{'lat': 55.805626, 'lon': 37.622814}",15
"Помещение свободного назначения, 16 м² в Москве",100000,16.0,"Калашный пер., 5",Арбатская,до 5 мин.,2 недели назад,https://www.avito.ru/moskva/kommercheskaya_nedvizhimost/pomeschenie_svobodnogo_naznacheniya_16_m_8096456359,"{'lat': 55.754899, 'lon': 37.601493}",15
"Общепит, 20 м² в Москве",60000,20.0,"Ул. Пресненский Вал, 8к1",Улица 1905 года,до 5 мин.,9 апреля 14:39,https://www.avito.ru/moskva/kommercheskaya_nedvizhimost/obschepit_20_m_8064472623,"{'lat': 55.765396, 'lon': 37.564975}",11
"Офис, 19 м² в Москве",17000,19.0,"Рубцовская наб., 3с1",Электрозаводская,6–10 мин.,27 мая 2025,https://www.avito.ru/moskva/kommercheskaya_nedvizhimost/ofis_19_m_7390984178,"{'lat': 55.776683, 'lon': 37.69974}",15
"Свободного назначения, 7 м² в Москве",12555,7.0,"Ленинградский пр-т, 45к2",Аэропорт,до 5 мин.,8 декабря 2020,https://www.avito.ru/moskva/kommercheskaya_nedvizhimost/svobodnogo_naznacheniya_7_m_2077064896,"{'lat': 55.798128, 'lon': 37.533682}",11
Аренда помещения 79.5 м² на высоком трафике в Москве,3500,79.5,"Ленинградское ш., 228к4",Молжаниново,16–20 мин.,1 неделю назад,https://www.avito.ru/moskva/kommercheskaya_nedvizhimost/arenda_pomescheniya_79.5_m_na_vysokom_trafike_8053404006,"{'lat': 55.932121, 'lon': 37.384335}",19
"Офис, 18.1 м² в Москве",40000,18.1,"Уланский пер., 22с1",Сретенский бульвар,до 5 мин.,29 января 17:57,https://www.avito.ru/moskva/kommercheskaya_nedvizhimost/ofis_18.1_m_7906536375,"{'lat': 55.769082, 'lon': 37.641135}",12
"Свободного назначения, 32 м² в Москве",130000,32.0,"Ул. Маршала Захарова, 16к1",Орехово,11–15 мин.,3 дня назад,https://www.avito.ru/moskva/kommercheskaya_nedvizhimost/svobodnogo_naznacheniya_32_m_8107759061,"{'lat': 55.622196, 'lon': 37.696366}",15
"Офис, 28 м² в Москве",30000,28.0,"Сельскохозяйственная ул., 17к4",Ботанический сад,6–10 мин.,4 марта 2025,https://www.avito.ru/moskva/kommercheskaya_nedvizhimost/ofis_28_m_4826490583,"{'lat': 55.838339, 'lon': 37.633228}",18
"Склад, 3 м² в Москве",2000,3.0,"Ул. Дмитрия Ульянова, 24к4",Академическая,до 5 мин.,15 октября 2025,https://www.avito.ru/moskva/kommercheskaya_nedvizhimost/sklad_3_m_7731019720,"{'lat': 55.686123, 'lon': 37.574036}",13
Помещение 30 м² с окнами ЖК Сиреневый парк в Москве,105000,30.0,"Тагильская ул., 2к1",Бульвар Рокоссовского,11–15 мин.,3 дня назад,https://www.avito.ru/moskva/kommercheskaya_nedvizhimost/pomeschenie_30_m_s_oknami_zhk_sirenevyy_park_8069962765,"{'lat': 55.818833, 'lon': 37.750206}",16
"Свободного назначения, 10 м² в Москве",17500,10.0,"Дружинниковская ул., 13",Краснопресненская,до 5 мин.,31 марта 19:32,https://www.avito.ru/moskva/kommercheskaya_nedvizhimost/svobodnogo_naznacheniya_10_m_7954525295,"{'lat': 55.758561, 'lon': 37.575417}",16
"Общепит, 8 м² в Москве",100000,8.0,"Онежская ул., 19/38",Моссельмаш,16–20 мин.,1 неделю назад,https://www.avito.ru/moskva/kommercheskaya_nedvizhimost/obschepit_8_m_7976126038,"{'lat': 55.852266, 'lon': 37.518482}",11
"Офис, 55 м² в Москве",64900,55.0,"Аптекарский пер., 1",Бауманская,6–10 мин.,3 дня назад,https://www.avito.ru/moskva/kommercheskaya_nedvizhimost/ofis_55_m_8049602260,"{'lat': 55.768206, 'lon': 37.673879}",21
"Свободного назначения, 20 м² в Москве",50000,20.0,"Воротынская ул., 5",Планерная,от 31 мин.,7 дней назад,https://www.avito.ru/moskva/kommercheskaya_nedvizhimost/svobodnogo_naznacheniya_20_m_8159673100,"{'lat': 55.886877, 'lon': 37.400313}",19
"Офис, 24.8 м² в Москве",29760,24.8,"Жуков пр., 19",Павелецкая,6–10 мин.,10 ноября 2024,https://www.avito.ru/moskva/kommercheskaya_nedvizhimost/ofis_24.8_m_4570821506,"{'lat': 55.775396, 'lon': 37.490437}",16
"Офис, 14 м² в Москве",20000,14.0,"Ул. Золоторожский Вал, 22",Серп и Молот,6–10 мин.,3 дня назад,https://www.avito.ru/moskva/kommercheskaya_nedvizhimost/ofis_14_m_8119924333,"{'lat': 55.750868, 'lon': 37.683989}",25
"Свободного назначения, 20 м² в Москве",45000,20.0,"Варшавское ш., 114к1",Чертановская,6–10 мин.,12 февраля 13:33,https://www.avito.ru/moskva/kommercheskaya_nedvizhimost/svobodnogo_naznacheniya_20_m_7945477898,"{'lat': 55.637761, 'lon': 37.617722}",12
"Помещение/кабинет, 30 м² в Москве",45000,30.0,"Ул. 1905 года, 11с1",Улица 1905 года,до 5 мин.,2 недели назад,https://www.avito.ru/moskva/kommercheskaya_nedvizhimost/pomescheniekabinet_30_m_8061159914,"{'lat': 55.764883, 'lon': 37.560463}",6
"Офис, свободное 21.2 м² (юр.адрес, 24/7) в Москве",40890,21.2,"Гольяновский пр., 4Ас1",Электрозаводская,6–10 мин.,1 неделю назад,https://www.avito.ru/moskva/kommercheskaya_nedvizhimost/ofis_svobodnoe_21.2_m_yur.adres_247_8133092961,"{'lat': 55.777094, 'lon': 37.709722}",12
"Торговая площадь, 50 м² в Москве",90000,50.0,"11-я Парковая ул., 14",Первомайская,6–10 мин.,16 сентября 2025,https://www.avito.ru/moskva/kommercheskaya_nedvizhimost/torgovaya_ploschad_50_m_7657397965,"{'lat': 55.792483, 'lon': 37.806249}",21
"Офис, 17.7 м² в Москве",33500,17.7,"Лечебная ул., 1/36",Измайлово,6–10 мин.,7 дней назад,https://www.avito.ru/moskva/kommercheskaya_nedvizhimost/ofis_17.7_m_8128287422,"{'lat': 55.790412, 'lon': 37.733051}",13
"Свободного назначения, 20.4 м² в Москве",29990,20.4,"Выборгская ул., 4к1",Водный стадион,6–10 мин.,13 апреля 19:51,https://www.avito.ru/moskva/kommercheskaya_nedvizhimost/svobodnogo_naznacheniya_20.4_m_7975062069,"{'lat': 55.832913, 'lon': 37.488767}",7
"Офис, 15 м² в Москве",15000,15.0,"1-я Дубровская ул., 14к1",Дубровка,6–10 мин.,30 декабря 2025,https://www.avito.ru/moskva/kommercheskaya_nedvizhimost/ofis_15_m_7784896173,"{'lat': 55.722996, 'lon': 37.67046}",10
"Торговая площадь, 1 м² в Москве",10000,1.0,"Чертановская ул., 1Вк1",Чертановская,до 5 мин.,12 марта 2025,https://www.avito.ru/moskva/kommercheskaya_nedvizhimost/torgovaya_ploschad_1_m_7202240569,"{'lat': 55.639202, 'lon': 37.606427}",16
"Торговая площадь, 4 м² в Москве",6000,4.0,"1-я Останкинская ул., 55",ВДНХ,6–10 мин.,2 июня 2025,https://www.avito.ru/moskva/kommercheskaya_nedvizhimost/torgovaya_ploschad_4_m_7410616336,"{'lat': 55.824286, 'lon': 37.634679}",24
"Свободного назначения, 13.8 м² в Москве",23000,13.8,"Ул. Сайкина, 15/7",Автозаводская,до 5 мин.,3 недели назад,https://www.avito.ru/moskva/kommercheskaya_nedvizhimost/svobodnogo_naznacheniya_13.8_m_8036017385,"{'lat': 55.705529, 'lon': 37.668446}",14
"Свободного назначения, 23.3 м² в Москве",25000,23.3,"Ул. Маршала Неделина, 15",Сетунь,6–10 мин.,13 апреля 14:00,https://www.avito.ru/moskva/kommercheskaya_nedvizhimost/svobodnogo_naznacheniya_23.3_m_8101560480,"{'lat': 55.725648, 'lon': 37.405073}",17
"Свободного назначения, 15 м² в Москве",30000,15.0,"Авиамоторная ул., 30",Авиамоторная,6–10 мин.,2 недели назад,https://www.avito.ru/moskva/kommercheskaya_nedvizhimost/svobodnogo_naznacheniya_15_m_8020435791,"{'lat': 55.744957, 'lon': 37.720982}",23
"Свободного назначения, 9 м² в Москве",19000,9.0,"Берёзовая аллея, 7Б",Отрадное,16–20 мин.,1 неделю назад,https://www.avito.ru/moskva/kommercheskaya_nedvizhimost/svobodnogo_naznacheniya_9_m_8147630650,"{'lat': 55.853253, 'lon': 37.612388}",13
"Офис, 45 м² в Москве",72000,45.0,"Автозаводская ул., 24с1",Тульская,11–15 мин.,4 марта 12:09,https://www.avito.ru/moskva/kommercheskaya_nedvizhimost/ofis_45_m_8005147558,"{'lat': 55.704766, 'lon': 37.632188}",12
"Свободного назначения, 28 м² в Москве",32000,28.0,"Пр-т Будённого, 17к1",Семёновская,11–15 мин.,12 октября 2022,https://www.avito.ru/moskva/kommercheskaya_nedvizhimost/svobodnogo_naznacheniya_28_m_2573261017,"{'lat': 55.774899, 'lon': 37.72516}",14
"Свободного назначения, 40 м² в Москве",50000,40.0,"Ул. Марии Ульяновой, 9к3",Новаторская,11–15 мин.,Вчера,https://www.avito.ru/moskva/kommercheskaya_nedvizhimost/svobodnogo_naznacheniya_40_m_8092288364,"{'lat': 55.678645, 'lon': 37.524237}",17
"М.Сокол - 17 м² (цоколь, собственник) в Москве",29000,17.0,"1-й Балтийский пер., 4",Сокол,6–10 мин.,15 апреля 08:30,https://www.avito.ru/moskva/kommercheskaya_nedvizhimost/m.sokol_-_17_m_tsokol_sobstvennik_7984765483,"{'lat': 55.808931, 'lon': 37.518429}",12
"Свободного назначения Офис, 11.3 м² в Москве",38000,11.3,"Ул. Судакова, 15",Люблино,6–10 мин.,3 недели назад,https://www.avito.ru/moskva/kommercheskaya_nedvizhimost/svobodnogo_naznacheniya_ofis_11.3_m_8038713589,"{'lat': 55.673428, 'lon': 37.749743}",22
"Свободного назначения, 15 м² в Москве",20000,15.0,"Ул. Ухтомского Ополчения, 3",Некрасовка,до 5 мин.,22 января 16:00,https://www.avito.ru/moskva/kommercheskaya_nedvizhimost/svobodnogo_naznacheniya_15_m_7887334675,"{'lat': 55.699587, 'lon': 37.927179}",10
"Автосервис, 60 м² в Москве",120000,60.0,"Братиславская ул., 26",Братиславская,11–15 мин.,4 июля 2024,https://www.avito.ru/moskva/kommercheskaya_nedvizhimost/avtoservis_60_m_4250538215,"{'lat': 55.65416, 'lon': 37.763886}",22
"Аренда 1 линия после ремонта, 9 м² в Москве",25000,9.0,"Люсиновская ул., 68",Тульская,6–10 мин.,1 неделю назад,https://www.avito.ru/moskva/kommercheskaya_nedvizhimost/arenda_1_liniya_posle_remonta_9_m_8060576706,"{'lat': 55.715501, 'lon': 37.621952}",13
"Торговая площадь, 50 м² в Москве",10000,50.0,"Арбатский пер., 2/6",Арбатская,до 5 мин.,27 августа 2020,https://www.avito.ru/moskva/kommercheskaya_nedvizhimost/torgovaya_ploschad_50_m_1967017042,"{'lat': 55.751688, 'lon': 37.597418}",15
"Свободного назначения, 49.4 м² в Москве",30000,49.4,"Рп. Дрожжино, Новое ш., 2к3",Бутово,21–30 мин.,14 марта 2023,https://www.avito.ru/moskva/kommercheskaya_nedvizhimost/svobodnogo_naznacheniya_49.4_m_2899747830,"{'lat': 55.524733, 'lon': 37.58518}",13
"Офис, 30.9 м² в Москве",71000,30.9,"Зубовский б-р, 4с1",Парк культуры,до 5 мин.,7 дней назад,https://www.avito.ru/moskva/kommercheskaya_nedvizhimost/ofis_30.9_m_8052415222,"{'lat': 55.737312, 'lon': 37.590709}",13
"Торговая площадь, 20 м² в Москве",25000,20.0,"Солнцевский пр-т, 6",Солнцево,6–10 мин.,1 ноября 2025,https://www.avito.ru/moskva/kommercheskaya_nedvizhimost/torgovaya_ploschad_20_m_7798061138,"{'lat': 55.652521, 'lon': 37.398768}",13
"Свободного назначения, 16 м² в Москве",34000,16.0,"Солнцевский пр-т, 23",Говорово,16–20 мин.,Вчера,https://www.avito.ru/moskva/kommercheskaya_nedvizhimost/svobodnogo_naznacheniya_16_m_8130504611,"{'lat': 55.646782, 'lon': 37.413383}",17
Аренда 33 м² с ремонтом на трафике в Москве,110000,33.0,"Феодосийская ул., 7к3",Бульвар Дмитрия Донского,11–15 мин.,1 неделю назад,https://www.avito.ru/moskva/kommercheskaya_nedvizhimost/arenda_33_m_s_remontom_na_trafike_7976196885,"{'lat': 55.561102, 'lon': 37.578194}",15
"Свободного назначения, 60 м² в Москве",78000,60.0,"Поречная ул., 5/14",Марьино,11–15 мин.,7 дней назад,https://www.avito.ru/moskva/kommercheskaya_nedvizhimost/svobodnogo_naznacheniya_60_m_8093858839,"{'lat': 55.645507, 'lon': 37.753038}",18
"Свободного назначения, 17 м² в Москве",27000,17.0,"Ул. Кржижановского, 3",Профсоюзная,6–10 мин.,7 дней назад,https://www.avito.ru/moskva/kommercheskaya_nedvizhimost/svobodnogo_naznacheniya_17_m_8147383462,"{'lat': 55.683329, 'lon': 37.561554}",28
"Сдам офисное помещение, 16.1 м² в Москве",34200,16.1,"Садовая-Спасская ул., 21/1",Красные ворота,до 5 мин.,1 апреля 13:26,https://www.avito.ru/moskva/kommercheskaya_nedvizhimost/sdam_ofisnoe_pomeschenie_16.1_m_7997304525,"{'lat': 55.769643, 'lon': 37.648786}",12
"Помещение на Кутузовском пр, 20 м² в Москве",80000,20.0,"Кутузовский пр-т, 35",Кутузовская,до 5 мин.,30 марта 09:26,https://www.avito.ru/moskva/kommercheskaya_nedvizhimost/pomeschenie_na_kutuzovskom_pr_20_m_7957718429,"{'lat': 55.740523, 'lon': 37.537963}",6
"Сдам офисное помещение, 38 м² в Москве",38950,38.0,"Волгоградский пр-т, 2",Пролетарская,до 5 мин.,2 недели назад,https://www.avito.ru/moskva/kommercheskaya_nedvizhimost/sdam_ofisnoe_pomeschenie_38_m_8173756543,"{'lat': 55.731314, 'lon': 37.669278}",8
"Магазин, 3.4 м² в Москве",27200,3.4,"1-я Квесисская ул., 18",Савёловская,6–10 мин.,3 февраля 2025,https://www.avito.ru/moskva/kommercheskaya_nedvizhimost/magazin_3.4_m_4946361147,"{'lat': 55.793983, 'lon': 37.578861}",10
"Магазин, 3.4 м² в Москве",27200,3.4,"1-я Квесисская ул., 18",Савёловская,6–10 мин.,3 февраля 2025,https://www.avito.ru/moskva/kommercheskaya_nedvizhimost/magazin_3.4_m_4946361147,"{'lat': 55.793983, 'lon': 37.578861}",10
"Общепит, аренда корнера от 18.08 м² в Москве",217000,18.08,"Озёрная ул., 42",Озёрная,до 5 мин.,7 дней назад,https://www.avito.ru/moskva/kommercheskaya_nedvizhimost/obschepit_arenda_kornera_ot_18.08_m_8039351139,"{'lat': 55.670704, 'lon': 37.445226}",10
"Свободного назначения, 10 м² в Москве",22000,10.0,"Ул. Большие Каменщики, 3с2",Таганская,до 5 мин.,8 июня 2023,https://www.avito.ru/moskva/kommercheskaya_nedvizhimost/svobodnogo_naznacheniya_10_m_3152607124,"{'lat': 55.739431, 'lon': 37.654224}",11
"Офис, 10.5 м² в Москве",14000,10.5,"Киевская ул., 24",Кутузовская,6–10 мин.,Вчера,https://www.avito.ru/moskva/kommercheskaya_nedvizhimost/ofis_10.5_m_8012778160,"{'lat': 55.737812, 'lon': 37.54077}",2
"Свободного назначения, 15.7 м² в Москве",55000,15.7,"Зелёный пр-т, 60/35",Новогиреево,до 5 мин.,Вчера,https://www.avito.ru/moskva/kommercheskaya_nedvizhimost/svobodnogo_naznacheniya_15.7_m_8107776216,"{'lat': 55.750294, 'lon': 37.818061}",15
"Офис, 40.5 м² в Москве",88425,40.5,"Павловская ул., 18",Тульская,6–10 мин.,3 дня назад,https://www.avito.ru/moskva/kommercheskaya_nedvizhimost/ofis_40.5_m_8090325089,"{'lat': 55.712351, 'lon': 37.626284}",8
"Свободного назначения, 72 м² в Москве",190000,72.0,"Варшавское ш., 282к1",Щербинка,11–15 мин.,3 дня назад,https://www.avito.ru/moskva/kommercheskaya_nedvizhimost/svobodnogo_naznacheniya_72_m_8107027323,"{'lat': 55.518289, 'lon': 37.572818}",19
"Офис, 22 м² в Москве",60000,22.0,"Гжельский пер., 20",Площадь Ильича,до 5 мин.,15 ноября 2019,https://www.avito.ru/moskva/kommercheskaya_nedvizhimost/ofis_22_m_1833217220,"{'lat': 55.747752, 'lon': 37.678139}",20
"Общепит, 18 м² в Москве",32000,18.0,"Пр-т Мира, 101Б",Алексеевская,6–10 мин.,27 июня 2023,https://www.avito.ru/moskva/kommercheskaya_nedvizhimost/obschepit_18_m_3102542084,"{'lat': 55.81208, 'lon': 37.634381}",9
"Офис, 5.1 м² в Москве",4000,5.1,"Юго-Восточный административный округ, Рязанский район, 122-й квартал",Окская,6–10 мин.,20 апреля 11:38,https://www.avito.ru/moskva/kommercheskaya_nedvizhimost/ofis_5.1_m_7944323527,"{'lat': 55.719412, 'lon': 37.780883}",30
"Торговая площадь, 1 м² в Москве",6300,1.0,"Ореховый б-р, 14к3",Домодедовская,до 5 мин.,29 апреля 2013,https://www.avito.ru/moskva/kommercheskaya_nedvizhimost/torgovaya_ploschad_1_m_162764299,"{'lat': 55.609779, 'lon': 37.720122}",9
Аренда помещения 30 м² м. Планерная в Москве,100000,30.0,"Ул. Вилиса Лациса, 1",Планерная,6–10 мин.,3 дня назад,https://www.avito.ru/moskva/kommercheskaya_nedvizhimost/arenda_pomescheniya_30_m_m._planernaya_8136898044,"{'lat': 55.864814, 'lon': 37.432351}",19
"Свободного назначения, 15.3 м² в Москве",19125,15.3,"Смоленский б-р, 13с8",Смоленская,11–15 мин.,7 апреля 13:32,https://www.avito.ru/moskva/kommercheskaya_nedvizhimost/svobodnogo_naznacheniya_15.3_m_7995693185,"{'lat': 55.741177, 'lon': 37.581552}",17
Офис 17.1 м² у м.Менделеевская. Собственник в Москве,55200,17.1,"Новослободская ул., 26с1",Менделеевская,до 5 мин.,3 дня назад,https://www.avito.ru/moskva/kommercheskaya_nedvizhimost/ofis_17.1_m_u_m.mendeleevskaya._sobstvennik_8161589015,"{'lat': 55.783301, 'lon': 37.597899}",9
"Офис, 19.6 м² в Москве",26250,19.6,"Ул. Свободы, 35с43",Тушинская,21–30 мин.,27 октября 2025,https://www.avito.ru/moskva/kommercheskaya_nedvizhimost/ofis_19.6_m_7700439896,"{'lat': 55.838109, 'lon': 37.451849}",15
Аренда помещения 21м² м. Бульвар Рокоссовского в Москве,63000,21.0,"Тагильская ул., 3к1",Бульвар Рокоссовского,21–30 мин.,2 недели назад,https://www.avito.ru/moskva/kommercheskaya_nedvizhimost/arenda_pomescheniya_21m_m._bulvar_rokossovskogo_8105156742,"{'lat': 55.816642, 'lon': 37.7576}",15
Помещение с ремонтом на трафике 61.9 м² в Москве,3230,61.9,"Кронштадтский б-р, 8к1",Водный стадион,6–10 мин.,20 апреля 07:18,https://www.avito.ru/moskva/kommercheskaya_nedvizhimost/pomeschenie_s_remontom_na_trafike_61.9_m_7985867006,"{'lat': 55.841611, 'lon': 37.495878}",17
"Свободного назначения, 9 м² в Москве",15000,9.0,"Нелидовская ул., 12к2",Сходненская,до 5 мин.,15 апреля 09:30,https://www.avito.ru/moskva/kommercheskaya_nedvizhimost/svobodnogo_naznacheniya_9_m_8029592791,"{'lat': 55.847154, 'lon': 37.442067}",14
"Свободного назначения, 30 м² в Москве",150000,30.0,"Строгинский б-р, 26к2",Строгино,до 5 мин.,7 дней назад,https://www.avito.ru/moskva/kommercheskaya_nedvizhimost/svobodnogo_naznacheniya_30_m_8062722415,"{'lat': 55.802264, 'lon': 37.404535}",13
"Сдам офисное помещение, 16.4 м² в Москве",17083,16.4,"Стандартная ул., 6с38",Бескудниково,6–10 мин.,9 февраля 07:27,https://www.avito.ru/moskva/kommercheskaya_nedvizhimost/sdam_ofisnoe_pomeschenie_16.4_m_7901294656,"{'lat': 55.883222, 'lon': 37.577813}",13
"Свободного назначения, 13 м² в Москве",18900,13.0,"Ул. Марии Ульяновой, 3к2",Новаторская,11–15 мин.,1 апреля 15:05,https://www.avito.ru/moskva/kommercheskaya_nedvizhimost/svobodnogo_naznacheniya_13_m_8055025052,"{'lat': 55.678595, 'lon': 37.526292}",19
"Офис 6 м² с юридическим адресом, собственник в Москве",7000,6.0,"Тропарёвская ул., 4",Юго-Западная,11–15 мин.,3 недели назад,https://www.avito.ru/moskva/kommercheskaya_nedvizhimost/ofis_6_m_s_yuridicheskim_adresom_sobstvennik_8056131815,"{'lat': 55.663939, 'lon': 37.463975}",10
"Свободного назначения, 13 м² в Москве",30000,13.0,"Дружинниковская ул., 13",Краснопресненская,до 5 мин.,14 марта 15:33,https://www.avito.ru/moskva/kommercheskaya_nedvizhimost/svobodnogo_naznacheniya_13_m_7922274719,"{'lat': 55.758561, 'lon': 37.575417}",16
"Торговая площадь, 3.7 м² в Москве",27000,3.7,"Инженерная ул., 5",Бескудниково,11–15 мин.,4 сентября 2025,https://www.avito.ru/moskva/kommercheskaya_nedvizhimost/torgovaya_ploschad_3.7_m_7600732801,"{'lat': 55.879079, 'lon': 37.579414}",9
"Торговая площадь, 43 м² в Москве",133300,43.0,"Тюменский пр., 3к1",Бульвар Рокоссовского,до 5 мин.,7 дней назад,https://www.avito.ru/moskva/kommercheskaya_nedvizhimost/torgovaya_ploschad_43_m_8110956241,"{'lat': 55.812717, 'lon': 37.738508}",13
"Свободного назначения, 8 м² в Москве",17900,8.0,"1-я ул. Машиностроения, 4к2",Дубровка,6–10 мин.,10 марта 2024,https://www.avito.ru/moskva/kommercheskaya_nedvizhimost/svobodnogo_naznacheniya_8_m_3805924625,"{'lat': 55.712999, 'lon': 37.66989}",5
7 м² в Москве,30000,7.0,"Ул. Руставели, 19",Бутырская,до 5 мин.,7 января 2022,https://www.avito.ru/moskva/kommercheskaya_nedvizhimost/7_m_2331803706,"{'lat': 55.814912, 'lon': 37.599251}",18
19 м² с огромной витриной на 1 линию в Москве,55000,19.0,"Олимпийский пр-т, 22",Рижская,11–15 мин.,4 марта 22:27,https://www.avito.ru/moskva/kommercheskaya_nedvizhimost/19_m_s_ogromnoy_vitrinoy_na_1_liniyu_7987322745,"{'lat': 55.786764, 'lon': 37.622782}",12
"Свободного назначения, 70 м² в Москве",58334,70.0,"Дубнинская ул., 83с2",Лианозово,11–15 мин.,22 апреля 09:37,https://www.avito.ru/moskva/kommercheskaya_nedvizhimost/svobodnogo_naznacheniya_70_m_8067852255,"{'lat': 55.892924, 'lon': 37.555954}",9
19 м² с огромной витриной на 1 линию в Москве,55000,19.0,"Олимпийский пр-т, 22",Рижская,11–15 мин.,4 марта 22:27,https://www.avito.ru/moskva/kommercheskaya_nedvizhimost/19_m_s_ogromnoy_vitrinoy_na_1_liniyu_7987322745,"{'lat': 55.786764, 'lon': 37.622782}",12
"Свободного назначения, 70 м² в Москве",58334,70.0,"Дубнинская ул., 83с2",Лианозово,11–15 мин.,22 апреля 09:37,https://www.avito.ru/moskva/kommercheskaya_nedvizhimost/svobodnogo_naznacheniya_70_m_8067852255,"{'lat': 55.892924, 'lon': 37.555954}",9
"Склад, 55 м² в Москве",50000,55.0,"Электродная ул., 2с7",Шоссе Энтузиастов,6–10 мин.,29 октября 2025,https://www.avito.ru/moskva/kommercheskaya_nedvizhimost/sklad_55_m_7710364764,"{'lat': 55.753854, 'lon': 37.748492}",27
"Свободного назначения, 12 м² в Москве",12000,12.0,"Ул. Маршала Захарова, 27",Орехово,6–10 мин.,3 дня назад,https://www.avito.ru/moskva/kommercheskaya_nedvizhimost/svobodnogo_naznacheniya_12_m_8068371594,"{'lat': 55.618557, 'lon': 37.698043}",18
"Свободного назначения, 40 м² в Москве",50000,40.0,"Окружная ул., 17А",Трикотажная,21–30 мин.,3 дня назад,https://www.avito.ru/moskva/kommercheskaya_nedvizhimost/svobodnogo_naznacheniya_40_m_8159807775,"{'lat': 55.844322, 'lon': 37.398496}",15
"Свободного назначения, 20 м² в Москве",45000,20.0,"Производственная ул., 17",Новопеределкино,6–10 мин.,5 часов назад,https://www.avito.ru/moskva/kommercheskaya_nedvizhimost/svobodnogo_naznacheniya_20_m_8138286252,"{'lat': 55.643689, 'lon': 37.382149}",12
"Сдам помещение свободного назначения, 27 м² в Москве",69750,27.0,"Волгоградский пр-т, 1с1",Пролетарская,до 5 мин.,25 марта 14:03,https://www.avito.ru/moskva/kommercheskaya_nedvizhimost/sdam_pomeschenie_svobodnogo_naznacheniya_27_m_7996141254,"{'lat': 55.733506, 'lon': 37.671121}",18
"Свободного назначения, 6.7 м² в Москве",15000,6.7,"Братиславская ул., 21к1",Братиславская,6–10 мин.,21 мая 2023,https://www.avito.ru/moskva/kommercheskaya_nedvizhimost/svobodnogo_naznacheniya_6.7_m_3022883385,"{'lat': 55.656991, 'lon': 37.762945}",25
20 м² Свободного назначения в Москве,30000,20.0,"Ул. Зорге, 10к1",Полежаевская,6–10 мин.,3 дня назад,https://www.avito.ru/moskva/kommercheskaya_nedvizhimost/20_m_svobodnogo_naznacheniya_8107113764,"{'lat': 55.782902, 'lon': 37.511985}",15
"Свободного назначения, 30.1 м² в Москве",55000,30.1,"Ул. Лавриненко, 13к3",Некрасовка,16–20 мин.,16 ноября 2023,https://www.avito.ru/moskva/kommercheskaya_nedvizhimost/svobodnogo_naznacheniya_30.1_m_3535642808,"{'lat': 55.702997, 'lon': 37.948783}",15
"Офис,бьюти,студия,маникюр, 23м² в Москве",45000,23.0,"Измайловская пл., 9к1",Измайловская,11–15 мин.,3 дня назад,https://www.avito.ru/moskva/kommercheskaya_nedvizhimost/ofisbyutistudiyamanikyur_23m_8012064485,"{'lat': 55.793698, 'lon': 37.774111}",17
"Офис, 20 м² в Москве",36000,20.0,"4-я Кабельная ул., 2с1",Авиамоторная,16–20 мин.,21 июня 2018,https://www.avito.ru/moskva/kommercheskaya_nedvizhimost/ofis_20_m_1627403590,"{'lat': 55.741155, 'lon': 37.717255}",21
"Помещение в ТЦ Метромолл, 13.7 м² в Москве",25200,13.7,"Дмитровское ш., 73с2",Верхние Лихоборы,до 5 мин.,23 февраля 2025,https://www.avito.ru/moskva/kommercheskaya_nedvizhimost/pomeschenie_v_tts_metromoll_13.7_m_4456263328,"{'lat': 55.856917, 'lon': 37.55917}",14
"Офис, 20.8 м² в Москве",78000,20.8,"Летниковская ул., 10с1",Павелецкая,6–10 мин.,3 дня назад,https://www.avito.ru/moskva/kommercheskaya_nedvizhimost/ofis_20.8_m_8137777661,"{'lat': 55.725017, 'lon': 37.643983}",11
"Сдам офисное помещение, 25 м² в Москве",30000,25.0,"Каланчёвская ул., 11с3",Красные ворота,до 5 мин.,2 недели назад,https://www.avito.ru/moskva/kommercheskaya_nedvizhimost/sdam_ofisnoe_pomeschenie_25_m_8173362467,"{'lat': 55.77084, 'lon': 37.650208}",5
"Помещение 15 м², с вывеской, под услуги, офис в Москве",39950,15.0,"Кожевническая ул., 14к1",Павелецкая,6–10 мин.,19 ноября 2025,https://www.avito.ru/moskva/kommercheskaya_nedvizhimost/pomeschenie_15_m_s_vyveskoy_pod_uslugi_ofis_7772800272,"{'lat': 55.728882, 'lon': 37.64692}",20
Кабинет в аренду с мокрой точкой 18 м² в Москве,65000,18.0,"Можайский пер., 5",Студенческая,до 5 мин.,Вчера,https://www.avito.ru/moskva/kommercheskaya_nedvizhimost/kabinet_v_arendu_s_mokroy_tochkoy_18_m_8071893191,"{'lat': 55.739984, 'lon': 37.547477}",12
"Офис, 6 м² в Москве",12000,6.0,"Электродная ул., 2с13",Шоссе Энтузиастов,6–10 мин.,25 февраля 2020,https://www.avito.ru/moskva/kommercheskaya_nedvizhimost/ofis_6_m_1873436027,"{'lat': 55.754668, 'lon': 37.748979}",27
"Офис, 13.1 м² на Складочной в Москве",25000,13.1,"Складочная ул., 1с5",Дмитровская,11–15 мин.,23 января 10:23,https://www.avito.ru/moskva/kommercheskaya_nedvizhimost/ofis_13.1_m_na_skladochnoy_7828010323,"{'lat': 55.804632, 'lon': 37.594045}",17
"Свободного назначения, 28 м² в Москве",52500,28.0,"1-я Ямская ул., 8",Марьина Роща,6–10 мин.,17 апреля 10:26,https://www.avito.ru/moskva/kommercheskaya_nedvizhimost/svobodnogo_naznacheniya_28_m_8005958279,"{'lat': 55.794897, 'lon': 37.610253}",17
"Пищевое производство, 80 м² в Москве",180000,80.0,"Ул. Большие Каменщики, 9сБ",Таганская,до 5 мин.,3 апреля 2024,https://www.avito.ru/moskva/kommercheskaya_nedvizhimost/pischevoe_proizvodstvo_80_m_3733055841,"{'lat': 55.738615, 'lon': 37.655566}",17
"Свободного назначения, 23.5 м² в Москве",36000,23.5,"Варшавское ш., 17",Верхние котлы,11–15 мин.,7 дней назад,https://www.avito.ru/moskva/kommercheskaya_nedvizhimost/svobodnogo_naznacheniya_23.5_m_8147211903,"{'lat': 55.697009, 'lon': 37.622268}",11
"Торговая площадь, 30 м² в Москве",80000,30.0,"Ул. Строителей, 7к1",Вавиловская,до 5 мин.,15 февраля 2022,https://www.avito.ru/moskva/kommercheskaya_nedvizhimost/torgovaya_ploschad_30_m_2311218313,"{'lat': 55.686105, 'lon': 37.536015}",10
"Готовая кофейня с мебелью и оборудованием, 12 м² в Москве",50000,12.0,"Огородный пр., 10",Бутырская,до 5 мин.,2 апреля 18:45,https://www.avito.ru/moskva/kommercheskaya_nedvizhimost/gotovaya_kofeynya_s_mebelyu_i_oborudovaniem_12_m_7975880940,"{'lat': 55.814291, 'lon': 37.604933}",17
20 м² Свободного назначения в Москве,31000,20.0,"Ул. Зорге, 10к1",Полежаевская,6–10 мин.,3 дня назад,https://www.avito.ru/moskva/kommercheskaya_nedvizhimost/20_m_svobodnogo_naznacheniya_8107376288,"{'lat': 55.782902, 'lon': 37.511985}",15
"Свободного назначения, 10 м² в Москве",55000,10.0,"Ул. Стромынка, 5",Сокольники,до 5 мин.,2 декабря 2025,https://www.avito.ru/moskva/kommercheskaya_nedvizhimost/svobodnogo_naznacheniya_10_m_7751874738,"{'lat': 55.791045, 'lon': 37.684273}",10
"Свободного назначения, 19.1 м² в Москве",37000,19.1,"Халтуринская ул., 7Ак2",Преображенская площадь,6–10 мин.,19 апреля 21:35,https://www.avito.ru/moskva/kommercheskaya_nedvizhimost/svobodnogo_naznacheniya_19.1_m_8027443477,"{'lat': 55.799186, 'lon': 37.726921}",5
"Склад, 23 м² в Москве",30000,23.0,"Ул. Мусы Джалиля, 8к5",Борисово,11–15 мин.,1 неделю назад,https://www.avito.ru/moskva/kommercheskaya_nedvizhimost/sklad_23_m_8017936492,"{'lat': 55.627262, 'lon': 37.735591}",17
"Офис 37 м² с ремонтом, окном, парковкой, в ТЦ в Москве",56400,37.0,"Свободный пр-т, 33Б",Новогиреево,до 5 мин.,22 апреля 13:36,https://www.avito.ru/moskva/kommercheskaya_nedvizhimost/ofis_37_m_s_remontom_oknom_parkovkoy_v_tts_8025935645,"{'lat': 55.752123, 'lon': 37.819003}",15
20 м² Свободного назначения в Москве,31000,20.0,"Ул. Зорге, 10к1",Полежаевская,6–10 мин.,3 дня назад,https://www.avito.ru/moskva/kommercheskaya_nedvizhimost/20_m_svobodnogo_naznacheniya_8107376288,"{'lat': 55.782902, 'lon': 37.511985}",15
"Свободного назначения, 14 м² в Москве",30000,14.0,"Ул. Дмитриевского, 1",Улица Дмитриевского,до 5 мин.,18 мая 2023,https://www.avito.ru/moskva/kommercheskaya_nedvizhimost/svobodnogo_naznacheniya_14_m_3088697491,"{'lat': 55.711272, 'lon': 37.880572}",16
"Свободного назначения, 10 м² в Москве",55000,10.0,"Ул. Стромынка, 5",Сокольники,до 5 мин.,2 декабря 2025,https://www.avito.ru/moskva/kommercheskaya_nedvizhimost/svobodnogo_naznacheniya_10_m_7751874738,"{'lat': 55.791045, 'lon': 37.684273}",10
"Свободного назначения, 19.1 м² в Москве",37000,19.1,"Халтуринская ул., 7Ак2",Преображенская площадь,6–10 мин.,19 апреля 21:35,https://www.avito.ru/moskva/kommercheskaya_nedvizhimost/svobodnogo_naznacheniya_19.1_m_8027443477,"{'lat': 55.799186, 'lon': 37.726921}",5
"Склад, 23 м² в Москве",30000,23.0,"Ул. Мусы Джалиля, 8к5",Борисово,11–15 мин.,1 неделю назад,https://www.avito.ru/moskva/kommercheskaya_nedvizhimost/sklad_23_m_8017936492,"{'lat': 55.627262, 'lon': 37.735591}",17
"Офис 37 м² с ремонтом, окном, парковкой, в ТЦ в Москве",56400,37.0,"Свободный пр-т, 33Б",Новогиреево,до 5 мин.,22 апреля 13:36,https://www.avito.ru/moskva/kommercheskaya_nedvizhimost/ofis_37_m_s_remontom_oknom_parkovkoy_v_tts_8025935645,"{'lat': 55.752123, 'lon': 37.819003}",15
"Помещение свободного назначения, 37 м² в Москве",90000,37.0,"Нижняя Красносельская ул., 35с2",Красносельская,6–10 мин.,9 февраля 2019,https://www.avito.ru/moskva/kommercheskaya_nedvizhimost/pomeschenie_svobodnogo_naznacheniya_37_m_1372267048,"{'lat': 55.775957, 'lon': 37.672502}",17
"Офис в бизнес-центре метро Бауманская, 19-25 м² в Москве",29925,25.0,"Бауманская ул., 4",Красносельская,6–10 мин.,25 марта 2025,https://www.avito.ru/moskva/kommercheskaya_nedvizhimost/ofis_v_biznes-tsentre_metro_baumanskaya_19-25_m_7251591915,"{'lat': 55.776995, 'lon': 37.674233}",25
"Рабочее место с юридическим адресом Москва, 5 м² в Москве",18000,5.0,"Пресненская наб., 12",Международная,до 5 мин.,3 апреля 2023,https://www.avito.ru/moskva/kommercheskaya_nedvizhimost/rabochee_mesto_s_yuridicheskim_adresom_moskva_5_m_2987788258,"{'lat': 55.7499, 'lon': 37.537718}",6
"Склад, 10 м² Аренда контейнера для хранения вещей в Москве",5700,10.0,"Варшавское ш., 150",Улица академика Янгеля,до 5 мин.,7 часов назад,https://www.avito.ru/moskva/kommercheskaya_nedvizhimost/sklad_10_m_arenda_konteynera_dlya_hraneniya_veschey_8137823947,"{'lat': 55.599515, 'lon': 37.602509}",14
"Свободного назначения, 20 м² в Москве",25000,20.0,"Профсоюзная ул., 13/12",Профсоюзная,до 5 мин.,2 марта 09:13,https://www.avito.ru/moskva/kommercheskaya_nedvizhimost/svobodnogo_naznacheniya_20_m_7892868435,"{'lat': 55.680713, 'lon': 37.567381}",17
"Свободного назначения, 10 м² в Москве",35000,10.0,"Ангарская ул., 37/18",Грачёвская,16–20 мин.,25 февраля 2025,https://www.avito.ru/moskva/kommercheskaya_nedvizhimost/svobodnogo_naznacheniya_10_m_4557483401,"{'lat': 55.878967, 'lon': 37.523898}",17
30м² у метро с отдельным входом в Москве,100000,30.0,"Житная ул., 10",Добрынинская,до 5 мин.,2 недели назад,https://www.avito.ru/moskva/kommercheskaya_nedvizhimost/30m_u_metro_s_otdelnym_vhodom_8017917402,"{'lat': 55.730384, 'lon': 37.618936}",18
"Аренда, 20 м² с ремонтом на трафике в Москве",50000,20.0,"Жилой комплекс Скандинавия, ул. Эдварда Грига, 16к1",Потапово,11–15 мин.,16 февраля 20:25,https://www.avito.ru/moskva/kommercheskaya_nedvizhimost/arenda_20_m_s_remontom_na_trafike_7848519428,"{'lat': 55.55451, 'lon': 37.504278}",9
"Офис, 40 м² в Москве",55000,40.0,"Электрозаводская ул., 21",Электрозаводская,6–10 мин.,7 дней назад,https://www.avito.ru/moskva/kommercheskaya_nedvizhimost/ofis_40_m_8107730547,"{'lat': 55.788922, 'lon': 37.703194}",14
"Офис, 12 м² в Москве",15000,12.0,"Ул. Москворечье, 43",Кантемировская,16–20 мин.,18 марта 14:58,https://www.avito.ru/moskva/kommercheskaya_nedvizhimost/ofis_12_m_8037901495,"{'lat': 55.644933, 'lon': 37.664132}",3
"Свободного назначения, 17 м² в Москве",22000,17.0,"Ул. Бажова, 7",Ростокино,6–10 мин.,22 июля 2024,https://www.avito.ru/moskva/kommercheskaya_nedvizhimost/svobodnogo_naznacheniya_17_m_4361867341,"{'lat': 55.834497, 'lon': 37.661059}",21
"Свободного назначения, 25 м² в Москве",70000,25.0,"Перовская ул., 56/55",Перово,6–10 мин.,2 недели назад,https://www.avito.ru/moskva/kommercheskaya_nedvizhimost/svobodnogo_naznacheniya_25_m_8074252927,"{'lat': 55.745216, 'lon': 37.78961}",16
"Торговая площадь, 137 м² в Москве",290000,137.0,"Ул. Фридриха Энгельса, 31/35",Бауманская,6–10 мин.,12 ноября 2024,https://www.avito.ru/moskva/kommercheskaya_nedvizhimost/torgovaya_ploschad_137_m_4485004228,"{'lat': 55.774688, 'lon': 37.685718}",11
"Офис 22 м² с юридическим адресом, собственник в Москве",27000,22.0,"Тропарёвская ул., 4",Юго-Западная,11–15 мин.,3 недели назад,https://www.avito.ru/moskva/kommercheskaya_nedvizhimost/ofis_22_m_s_yuridicheskim_adresom_sobstvennik_8056425521,"{'lat': 55.663939, 'lon': 37.463975}",10
"Офис, 13 м² в Москве",30000,13.0,"Малая Грузинская ул., 46",Улица 1905 года,11–15 мин.,11 мая 2021,https://www.avito.ru/moskva/kommercheskaya_nedvizhimost/ofis_13_m_1739081055,"{'lat': 55.770047, 'lon': 37.573079}",16
"Торговая площадь, 15 м² в Зеленограде",40000,15.0,,,,21 апреля 2024,https://www.avito.ru/moskva_zelenograd/kommercheskaya_nedvizhimost/torgovaya_ploschad_15_m_3910959571,"{'lat': 55.7588, 'lon': 37.617835}",12
"Свободного назначения, 71.8 м² в Москве",65450,71.8,"Пятницкое ш., 12к2",Волоколамская,11–15 мин.,3 дня назад,https://www.avito.ru/moskva/kommercheskaya_nedvizhimost/svobodnogo_naznacheniya_71.8_m_8048797530,"{'lat': 55.84072, 'lon': 37.386736}",19
"Свободного назначения, 14.5 м² в Москве",27000,14.5,"Ул. Крупской, 8к2",Вавиловская,11–15 мин.,24 апреля 2025,https://www.avito.ru/moskva/kommercheskaya_nedvizhimost/svobodnogo_naznacheniya_14.5_m_7329921490,"{'lat': 55.684489, 'lon': 37.52883}",18
Свободного назначения 10 м² у входа в Бизнес центр в Москве,90000,10.0,"Семёновская пл., 7",Семёновская,до 5 мин.,3 дня назад,https://www.avito.ru/moskva/kommercheskaya_nedvizhimost/svobodnogo_naznacheniya_10_m_u_vhoda_v_biznes_tsentr_8205066721,"{'lat': 55.783566, 'lon': 37.720275}",23
"Офис, 60.7 м² в Москве",85000,60.7,"Хибинский пр., 20",Бабушкинская,21–30 мин.,3 дня назад,https://www.avito.ru/moskva/kommercheskaya_nedvizhimost/ofis_60.7_m_8107239758,"{'lat': 55.861133, 'lon': 37.686636}",17
"Сдам помещение свободного назначения, 74 м² в Москве",64000,74.0,"Шипиловский пр., 39к1",Орехово,до 5 мин.,21 ноября 2025,https://www.avito.ru/moskva/kommercheskaya_nedvizhimost/sdam_pomeschenie_svobodnogo_naznacheniya_74_m_7827778528,"{'lat': 55.611353, 'lon': 37.696859}",12
"Офис, 60.7 м² в Москве",85000,60.7,"Хибинский пр., 20",Бабушкинская,21–30 мин.,3 дня назад,https://www.avito.ru/moskva/kommercheskaya_nedvizhimost/ofis_60.7_m_8107239758,"{'lat': 55.861133, 'lon': 37.686636}",17
"Свободного назначения, 30 м² в Москве",60000,30.0,"Дмитровское ш., 124А",Физтех,6–10 мин.,10 октября 2025,https://www.avito.ru/moskva/kommercheskaya_nedvizhimost/svobodnogo_naznacheniya_30_m_7705761660,"{'lat': 55.925979, 'lon': 37.550179}",23
"Свободного назначения, 27 м² в Москве",33000,27.0,"Радужная ул., 15к2",Свиблово,6–10 мин.,5 января 23:24,https://www.avito.ru/moskva/kommercheskaya_nedvizhimost/svobodnogo_naznacheniya_27_m_7927039386,"{'lat': 55.858628, 'lon': 37.663256}",14
"Офис, 16.4 м² в Москве",50000,16.4,"Ленинградский пр-т, 63",Сокол,до 5 мин.,1 неделю назад,https://www.avito.ru/moskva/kommercheskaya_nedvizhimost/ofis_16.4_m_8106559591,"{'lat': 55.802637, 'lon': 37.519891}",12
"Свободного назначения, 13 м² в Москве",1000,13.0,"Сходненская ул., 37",Сходненская,до 5 мин.,16 апреля 2025,https://www.avito.ru/moskva/kommercheskaya_nedvizhimost/svobodnogo_naznacheniya_13_m_7324682893,"{'lat': 55.848907, 'lon': 37.439118}",16
"ПСН, Детейлинг, Автосервис 50 м² в Москве",75000,50.0,"1-я ул. Измайловского Зверинца, 8",Соколиная гора,6–10 мин.,28 марта 2025,https://www.avito.ru/moskva/kommercheskaya_nedvizhimost/psn_deteyling_avtoservis_50_m_7234621865,"{'lat': 55.775165, 'lon': 37.745847}",24
23 м² Свободного назначения в Москве,34000,23.0,"Ул. Зорге, 10к1",Полежаевская,6–10 мин.,2 недели назад,https://www.avito.ru/moskva/kommercheskaya_nedvizhimost/23_m_svobodnogo_naznacheniya_8075832032,"{'lat': 55.782902, 'lon': 37.511985}",15
"Свободного назначения, 18 м² в Москве",32400,18.0,"Пр-т Маршала Жукова, 2",Хорошёво,до 5 мин.,16 октября 2022,https://www.avito.ru/moskva/kommercheskaya_nedvizhimost/svobodnogo_naznacheniya_18_m_2642709074,"{'lat': 55.777315, 'lon': 37.504193}",15
"Торговая площадь, 19 м² в Москве",40000,19.0,"Херсонская ул., 12к5",Зюзино,6–10 мин.,10 мая 2023,https://www.avito.ru/moskva/kommercheskaya_nedvizhimost/torgovaya_ploschad_19_m_2998351006,"{'lat': 55.651929, 'lon': 37.573363}",8
"Свободного назначения, 111 м² в Москве",175000,111.0,"Ул. Народного Ополчения, 20к1",Народное Ополчение,до 5 мин.,3 недели назад,https://www.avito.ru/moskva/kommercheskaya_nedvizhimost/svobodnogo_naznacheniya_111_m_8016389580,"{'lat': 55.777073, 'lon': 37.480597}",15
"Свободного назначения, 16.5 м² в Москве",24000,16.5,"Ул. Маршала Савицкого, 26к1",Щербинка,21–30 мин.,17 апреля 12:56,https://www.avito.ru/moskva/kommercheskaya_nedvizhimost/svobodnogo_naznacheniya_16.5_m_8021127825,"{'lat': 55.504238, 'lon': 37.594298}",17
"Офис, 25 м² в Москве",65000,25.0,"Митинская ул., 46",Митино,до 5 мин.,10 декабря 2025,https://www.avito.ru/moskva/kommercheskaya_nedvizhimost/ofis_25_m_7833440406,"{'lat': 55.849727, 'lon': 37.357046}",13
"Свободного назначения, 18 м² в Москве",90000,18.0,"Ул. Паперника, 9",Окская,6–10 мин.,7 дней назад,https://www.avito.ru/moskva/kommercheskaya_nedvizhimost/svobodnogo_naznacheniya_18_m_8049644880,"{'lat': 55.720803, 'lon': 37.786894}",28
"Офис, 10 м² в Москве",14000,10.0,"Новорогожская ул., 8",Москва-Товарная,6–10 мин.,3 дня назад,https://www.avito.ru/moskva/kommercheskaya_nedvizhimost/ofis_10_m_8085466616,"{'lat': 55.741106, 'lon': 37.684122}",16
"1 20 м² - в ТЦ Пятерочка, любой профиль в Москве",120000,20.0,"Дубнинская ул., 36",Бескудниково,11–15 мин.,13 апреля 19:24,https://www.avito.ru/moskva/kommercheskaya_nedvizhimost/1_20_m_-_v_tts_pyaterochka_lyuboy_profil_7997491765,"{'lat': 55.886534, 'lon': 37.558438}",16
"Свободного назначения, 40 м² в Москве",40000,40.0,"Лобненская ул., 13к3",Яхромская,16–20 мин.,16 апреля 00:42,https://www.avito.ru/moskva/kommercheskaya_nedvizhimost/svobodnogo_naznacheniya_40_m_7948020996,"{'lat': 55.887047, 'lon': 37.527911}",2
"Свободного назначения, 31 м² в Москве",75000,31.0,"Ореховый б-р, 24к4",Красногвардейская,6–10 мин.,7 дней назад,https://www.avito.ru/moskva/kommercheskaya_nedvizhimost/svobodnogo_naznacheniya_31_m_8159693575,"{'lat': 55.612905, 'lon': 37.751092}",12
"Офис, 24.6 м² в Москве",40000,24.6,"Смольная ул., 24А",Беломорская,6–10 мин.,20 апреля 11:48,https://www.avito.ru/moskva/kommercheskaya_nedvizhimost/ofis_24.6_m_8007534076,"{'lat': 55.860505, 'lon': 37.483286}",8
"Свободного назначения, 13 м² в Москве",27300,13.0,"Новозаводская ул., 23/8к1",Фили,11–15 мин.,13 апреля 20:23,https://www.avito.ru/moskva/kommercheskaya_nedvizhimost/svobodnogo_naznacheniya_13_m_7974928034,"{'lat': 55.752517, 'lon': 37.501438}",14
"Свободного назначения, 13 м² в Москве",27300,13.0,"Новозаводская ул., 23/8к1",Фили,11–15 мин.,13 апреля 20:23,https://www.avito.ru/moskva/kommercheskaya_nedvizhimost/svobodnogo_naznacheniya_13_m_7974928034,"{'lat': 55.752517, 'lon': 37.501438}",14
"Склад, мастерская, ПСН 8 м² в Москве",900,8.0,"Ул. Добролюбова, 8А",Бутырская,6–10 мин.,3 дня назад,https://www.avito.ru/moskva/kommercheskaya_nedvizhimost/sklad_masterskaya_psn_8_m_8052234707,"{'lat': 55.810616, 'lon': 37.598776}",13
"Офис, 13.8 м² в Москве",25000,13.8,"Ул. Кржижановского, 29к5",Профсоюзная,16–20 мин.,14 апреля 2025,https://www.avito.ru/moskva/kommercheskaya_nedvizhimost/ofis_13.8_m_7294717881,"{'lat': 55.674629, 'lon': 37.582754}",13
"Свободного назначения, 70 м² в Москве",70000,70.0,"Юровская ул., 103",Молжаниново,от 31 мин.,3 дня назад,https://www.avito.ru/moskva/kommercheskaya_nedvizhimost/svobodnogo_naznacheniya_70_m_8159898648,"{'lat': 55.899199, 'lon': 37.39106}",22
Аренда 65 м² кафе пекарня в Москве,230000,65.0,"Феодосийская ул., 7к3",Бульвар Дмитрия Донского,11–15 мин.,1 неделю назад,https://www.avito.ru/moskva/kommercheskaya_nedvizhimost/arenda_65_m_kafe_pekarnya_7976591807,"{'lat': 55.561102, 'lon': 37.578194}",15
Офис 13.4 м² 7 ифнс в Москве,17000,13.4,"Садовая-Каретная ул., 8с1",Маяковская,6–10 мин.,12 февраля 10:47,https://www.avito.ru/moskva/kommercheskaya_nedvizhimost/ofis_13.4_m_7_ifns_7852009237,"{'lat': 55.772515, 'lon': 37.607195}",23
"Торговая площадь, 20 м² в Москве",150000,20.0,"Сокольническая пл., 4к1-2",Сокольники,до 5 мин.,16 апреля 2024,https://www.avito.ru/moskva/kommercheskaya_nedvizhimost/torgovaya_ploschad_20_m_3911563626,"{'lat': 55.789984, 'lon': 37.677934}",8
"10 м² офис с окном с районе Марьино, доступ 24/7 в Москве",35000,10.0,"Братиславская ул., 26",Братиславская,11–15 мин.,2 недели назад,https://www.avito.ru/moskva/kommercheskaya_nedvizhimost/10_m_ofis_s_oknom_s_rayone_marino_dostup_247_8151141013,"{'lat': 55.65416, 'lon': 37.763886}",22
"Офис, 30 м² в Москве",85000,30.0,"Верейская ул., 17",Давыдково,11–15 мин.,12 марта 13:25,https://www.avito.ru/moskva/kommercheskaya_nedvizhimost/ofis_30_m_8009522809,"{'lat': 55.710719, 'lon': 37.443728}",14
"Аренда, 20 м² на трафике с ремонтом в Москве",50000,20.0,"Пр-т Куприна, 18к2",Потапово,11–15 мин.,13 апреля 13:44,https://www.avito.ru/moskva/kommercheskaya_nedvizhimost/arenda_20_m_na_trafike_s_remontom_8034048654,"{'lat': 55.546695, 'lon': 37.488189}",23
"Сдам офисное помещение, 27 м² в Москве",79999,27.0,"Ул. Новый Арбат, 11с1",Арбатская,6–10 мин.,1 ноября 2025,https://www.avito.ru/moskva/kommercheskaya_nedvizhimost/sdam_ofisnoe_pomeschenie_27_m_7740536164,"{'lat': 55.752184, 'lon': 37.595401}",15
"Помещение свободного назначения, 30 м² в Москве",25000,30.0,"Анадырский пр., 41",Бабушкинская,21–30 мин.,27 марта 2025,https://www.avito.ru/moskva/kommercheskaya_nedvizhimost/pomeschenie_svobodnogo_naznacheniya_30_m_7240444595,"{'lat': 55.870508, 'lon': 37.693291}",27
"Торговое помещение, 27 м² в Москве",150000,27.0,"Коровинское ш., 23к1",Грачёвская,16–20 мин.,6 марта 2017,https://www.avito.ru/moskva/kommercheskaya_nedvizhimost/torgovoe_pomeschenie_27_m_549473235,"{'lat': 55.876957, 'lon': 37.523739}",14
"Свободного назначения, 20 м² в Москве",149000,20.0,"Люблинская ул., 112Ас1",Марьино,до 5 мин.,2 недели назад,https://www.avito.ru/moskva/kommercheskaya_nedvizhimost/svobodnogo_naznacheniya_20_m_8115177446,"{'lat': 55.648927, 'lon': 37.743462}",13
"Торговая площадь, 15 м² в Москве",60000,15.0,"Уссурийская ул., 1к5",Щёлковская,21–30 мин.,11 марта 2025,https://www.avito.ru/moskva/kommercheskaya_nedvizhimost/torgovaya_ploschad_15_m_7206515494,"{'lat': 55.823629, 'lon': 37.810925}",20
"Офис, 16 м² в Москве",30000,16.0,"Ш. Энтузиастов, 12А",Авиамоторная,6–10 мин.,1 неделю назад,https://www.avito.ru/moskva/kommercheskaya_nedvizhimost/ofis_16_m_8049809670,"{'lat': 55.748889, 'lon': 37.707055}",11
ЖК Бунинские луга 15 м² в Москве,20000,15.0,"Пос. Коммунарка, ул. Александры Монаховой, 84к4",Потапово,16–20 мин.,1 неделю назад,https://www.avito.ru/moskva/kommercheskaya_nedvizhimost/zhk_buninskie_luga_15_m_8107096400,"{'lat': 55.545527, 'lon': 37.480985}",14
"Торговая площадь, 60 м² в Москве",60000,60.0,"Пятницкая ул., 37",Третьяковская,до 5 мин.,8 марта 2025,https://www.avito.ru/moskva/kommercheskaya_nedvizhimost/torgovaya_ploschad_60_m_5035550868,"{'lat': 55.738848, 'lon': 37.628606}",17
Офис 56 м² в башне Neva Towers в Москве,199000,56.0,"1-й Красногвардейский пр., 22с2",Международная,до 5 мин.,26 ноября 2025,https://www.avito.ru/moskva/kommercheskaya_nedvizhimost/ofis_56_m_v_bashne_neva_towers_7765918240,"{'lat': 55.751973, 'lon': 37.534232}",30
"Свободного назначения, 45 м² в Москве",50000,45.0,"Косинская ул., 7",Выхино,16–20 мин.,4 июня 2025,https://www.avito.ru/moskva/kommercheskaya_nedvizhimost/svobodnogo_naznacheniya_45_m_7427447202,"{'lat': 55.716663, 'lon': 37.832204}",19
"Свободного назначения, 7 м² в Москве",16990,7.0,"Гостиничный пр., 8к1",Окружная,до 5 мин.,12 января 14:57,https://www.avito.ru/moskva/kommercheskaya_nedvizhimost/svobodnogo_naznacheniya_7_m_7826926101,"{'lat': 55.845965, 'lon': 37.576111}",19
ПСН 19 м² с душевой и с/у в Москве,45000,19.0,"Дмитровское ш., 34к1",Петровско-Разумовская,6–10 мин.,6 часов назад,https://www.avito.ru/moskva/kommercheskaya_nedvizhimost/psn_19_m_s_dushevoy_i_su_8147555452,"{'lat': 55.839507, 'lon': 37.5737}",13
"Сдам офисное помещение, 130.4 м² в Москве",136550,130.4,"Павелецкая наб., 2с1",Тульская,21–30 мин.,17 апреля 13:37,https://www.avito.ru/moskva/kommercheskaya_nedvizhimost/sdam_ofisnoe_pomeschenie_130.4_m_8027987880,"{'lat': 55.715786, 'lon': 37.646436}",24
"Торговая площадь, 68 м² в Москве",316000,68.0,"Ул. Героев Панфиловцев, 35",Планерная,16–20 мин.,7 дней назад,https://www.avito.ru/moskva/kommercheskaya_nedvizhimost/torgovaya_ploschad_68_m_8052864104,"{'lat': 55.855941, 'lon': 37.412024}",20
"Сдам офисное помещение, 130.4 м² в Москве",136550,130.4,"Павелецкая наб., 2с1",Тульская,21–30 мин.,17 апреля 13:37,https://www.avito.ru/moskva/kommercheskaya_nedvizhimost/sdam_ofisnoe_pomeschenie_130.4_m_8027987880,"{'lat': 55.715786, 'lon': 37.646436}",24
"Офис, 15 м² в Москве",17750,15.0,"Востряковский пр., 10Бс8",Битца,21–30 мин.,21 апреля 16:45,https://www.avito.ru/moskva/kommercheskaya_nedvizhimost/ofis_15_m_8014452927,"{'lat': 55.576851, 'lon': 37.619478}",11
"Торговая площадь, 68 м² в Москве",316000,68.0,"Ул. Героев Панфиловцев, 35",Планерная,16–20 мин.,7 дней назад,https://www.avito.ru/moskva/kommercheskaya_nedvizhimost/torgovaya_ploschad_68_m_8052864104,"{'lat': 55.855941, 'lon': 37.412024}",20
"Офис, 42 м² в Москве",75000,42.0,"Ул. Намёткина, 8с1",Воронцовская,11–15 мин.,18 февраля 12:07,https://www.avito.ru/moskva/kommercheskaya_nedvizhimost/ofis_42_m_7893572621,"{'lat': 55.662948, 'lon': 37.550881}",19
Торговая площадь 21 м²/отдельный вход+окно в Москве,40590,21.0,"Рубцовская наб., 3",Электрозаводская,6–10 мин.,20 апреля 16:07,https://www.avito.ru/moskva/kommercheskaya_nedvizhimost/torgovaya_ploschad_21_motdelnyy_vhodokno_8101764347,"{'lat': 55.776683, 'lon': 37.69974}",15
"Офис, 110 м² в Москве",150000,110.0,"Бауманская ул., 6с2",Бауманская,6–10 мин.,3 дня назад,https://www.avito.ru/moskva/kommercheskaya_nedvizhimost/ofis_110_m_8137330695,"{'lat': 55.776078, 'lon': 37.675335}",18
"Свободного назначения, 20 м² в Москве",39000,20.0,"Осташковская ул., 28к2",Медведково,11–15 мин.,7 дней назад,https://www.avito.ru/moskva/kommercheskaya_nedvizhimost/svobodnogo_naznacheniya_20_m_8151693721,"{'lat': 55.890333, 'lon': 37.676109}",27
"Свободного назначения, 47 м² в Москве",100000,47.0,"Краснобогатырская ул., 40",Преображенская площадь,21–30 мин.,28 марта 09:06,https://www.avito.ru/moskva/kommercheskaya_nedvizhimost/svobodnogo_naznacheniya_47_m_7933929995,"{'lat': 55.808511, 'lon': 37.701517}",14
"Аренда помещения 20 м² у м. Коломенская, 1 этаж в Москве",65600,20.0,"Судостроительная ул., 15",Коломенская,6–10 мин.,2 недели назад,https://www.avito.ru/moskva/kommercheskaya_nedvizhimost/arenda_pomescheniya_20_m_u_m._kolomenskaya_1_etazh_7976083919,"{'lat': 55.681313, 'lon': 37.672669}",14
"Офис -склад, 14.6 м² м. Алтуфьево в Москве",29200,14.6,"Алтуфьевское ш., 79Ас25",Алтуфьево,16–20 мин.,2 недели назад,https://www.avito.ru/moskva/kommercheskaya_nedvizhimost/ofis_-sklad_14.6_m_m._altufevo_8035947556,"{'lat': 55.886787, 'lon': 37.584932}",12
"Торговая площадь, 18.5 м² в Москве",50000,18.5,"Воротынская ул., 18",Пятницкое шоссе,от 31 мин.,23 марта 16:48,https://www.avito.ru/moskva/kommercheskaya_nedvizhimost/torgovaya_ploschad_18.5_m_7912861676,"{'lat': 55.889983, 'lon': 37.388529}",29
"Свободного назначения, 140 м² в Москве",350000,140.0,"Дорожная ул., 46к1",Красный Строитель,до 5 мин.,3 дня назад,https://www.avito.ru/moskva/kommercheskaya_nedvizhimost/svobodnogo_naznacheniya_140_m_8164944392,"{'lat': 55.587011, 'lon': 37.612129}",17
"Свободного назначения, 15 м² в Москве",48000,15.0,"Ул. Борисовские Пруды, 14к5",Борисово,до 5 мин.,2 недели назад,https://www.avito.ru/moskva/kommercheskaya_nedvizhimost/svobodnogo_naznacheniya_15_m_8061757650,"{'lat': 55.632764, 'lon': 37.746661}",18
"Офис, 6 м² в Москве",8000,6.0,"Ленинский пр-т, 52",Академическая,16–20 мин.,14 февраля 2022,https://www.avito.ru/moskva/kommercheskaya_nedvizhimost/ofis_6_m_2350536951,"{'lat': 55.699626, 'lon': 37.564081}",14
"Торговая площадь, 5.9 м² в Москве",50000,5.9,"Уссурийская ул., 5",Щёлковская,21–30 мин.,2 недели назад,https://www.avito.ru/moskva/kommercheskaya_nedvizhimost/torgovaya_ploschad_5.9_m_8060972169,"{'lat': 55.824819, 'lon': 37.812506}",15
"Офис для ии-ассистента, 4.8 м² в Москве",10000,4.8,"1-я Фрезерная ул., 2/1к2",Андроновка,до 5 мин.,26 ноября 2025,https://www.avito.ru/moskva/kommercheskaya_nedvizhimost/ofis_dlya_ii-assistenta_4.8_m_7863541038,"{'lat': 55.744244, 'lon': 37.738815}",24
"Кладовки 1–20 м² — Хранение тёплое, сухое в Москве",2616,20.0,"Ул. Маршала Катукова, 9А",Строгино,11–15 мин.,14 января 17:58,https://www.avito.ru/moskva/kommercheskaya_nedvizhimost/kladovki_120_m_hranenie_teploe_suhoe_7854032375,"{'lat': 55.812062, 'lon': 37.402067}",11
"Свободного назначения, 16 м² в Москве",45900,16.0,"Рождественская ул., 37",Некрасовка,до 5 мин.,7 дней назад,https://www.avito.ru/moskva/kommercheskaya_nedvizhimost/svobodnogo_naznacheniya_16_m_8147303248,"{'lat': 55.700906, 'lon': 37.928674}",15
"Свободного назначения, 50 м² в Москве",70000,50.0,"Кастанаевская ул., 16к1",Багратионовская,6–10 мин.,1 неделю назад,https://www.avito.ru/moskva/kommercheskaya_nedvizhimost/svobodnogo_naznacheniya_50_m_8050709686,"{'lat': 55.739084, 'lon': 37.492494}",16
"Офис, 19.8 м² в Москве",46530,19.8,"Дмитровское ш., 100",Яхромская,до 5 мин.,2 недели назад,https://www.avito.ru/moskva/kommercheskaya_nedvizhimost/ofis_19.8_m_8058924921,"{'lat': 55.881721, 'lon': 37.545529}",18
"Свободного назначения, 12 м² в Москве",265000,12.0,"Мясницкая ул., 24/7с8",Тургеневская,до 5 мин.,2 апреля 11:27,https://www.avito.ru/moskva/kommercheskaya_nedvizhimost/svobodnogo_naznacheniya_12_m_8109223172,"{'lat': 55.763022, 'lon': 37.635698}",26
"Офис, 3 м² в Москве",4900,3.0,"Мещёрский пер., 6к2",Окская,6–10 мин.,7 дней назад,https://www.avito.ru/moskva/kommercheskaya_nedvizhimost/ofis_3_m_8090122821,"{'lat': 55.715572, 'lon': 37.779004}",19
"Помещение в ТЦ у метро, 37.3 м² в Москве",55950,37.3,"Дмитровское ш., 73с5",Верхние Лихоборы,до 5 мин.,8 октября 2025,https://www.avito.ru/moskva/kommercheskaya_nedvizhimost/pomeschenie_v_tts_u_metro_37.3_m_7623517825,"{'lat': 55.856917, 'lon': 37.55917}",14
Торговый павильон свободного назначения 20 м² в Москве,85000,20.0,"Загорьевский пр., 11Ас1",Царицыно,от 31 мин.,11 марта 10:51,https://www.avito.ru/moskva/kommercheskaya_nedvizhimost/torgovyy_pavilon_svobodnogo_naznacheniya_20_m_8000613881,"{'lat': 55.577684, 'lon': 37.676828}",12
Аренда теплой кладовки на Филёвской от 1 м² в Москве,435,1.0,"Большая Филёвская ул., 49к2",Пионерская,6–10 мин.,2 недели назад,https://www.avito.ru/moskva/kommercheskaya_nedvizhimost/arenda_teploy_kladovki_na_filevskoy_ot_1_m_8030633874,"{'lat': 55.739414, 'lon': 37.472948}",8
"Свободного назначения, 10 м² в Москве",50000,10.0,"Ул. Фадеева, 10",Новослободская,6–10 мин.,2 недели назад,https://www.avito.ru/moskva/kommercheskaya_nedvizhimost/svobodnogo_naznacheniya_10_m_8107310044,"{'lat': 55.775928, 'lon': 37.596759}",12
"Склад, 75.6 м² в Москве",83160,75.6,"Киевское шоссе, 22-й километр, 4с2кГ",Румянцево,6–10 мин.,10 февраля 15:59,https://www.avito.ru/moskva/kommercheskaya_nedvizhimost/sklad_75.6_m_7898496264,"{'lat': 55.635227, 'lon': 37.436759}",15
"Сдам торговое помещение, 13.5 м² в Москве",20000,13.5,"Волжский б-р, 51с10",Волжская,6–10 мин.,7 дней назад,https://www.avito.ru/moskva/kommercheskaya_nedvizhimost/sdam_torgovoe_pomeschenie_13.5_m_8165470472,"{'lat': 55.694402, 'lon': 37.758608}",12
"Свободного назначения, 40 м² в Москве",80000,40.0,"Ул. Петровка, 26с2",Трубная,6–10 мин.,8 сентября 2024,https://www.avito.ru/moskva/kommercheskaya_nedvizhimost/svobodnogo_naznacheniya_40_m_4172911235,"{'lat': 55.765726, 'lon': 37.617944}",19
"Склад, 140 м² в Москве",268900,140.0,"4-я Магистральная ул., 11с3",Хорошёвская,6–10 мин.,3 августа 2016,https://www.avito.ru/moskva/kommercheskaya_nedvizhimost/sklad_140_m_817248566,"{'lat': 55.770378, 'lon': 37.518017}",18
"Офис, 36 м² в Москве",45000,36.0,"Ул. Островитянова, 4",Тропарёво,11–15 мин.,24 мая 2022,https://www.avito.ru/moskva/kommercheskaya_nedvizhimost/ofis_36_m_2404090838,"{'lat': 55.644845, 'lon': 37.488627}",15
"Торговая площадь, 12.2 м² в Москве",70000,12.2,"Большая Тульская ул., 2",Тульская,до 5 мин.,15 апреля 2024,https://www.avito.ru/moskva/kommercheskaya_nedvizhimost/torgovaya_ploschad_12.2_m_3816817772,"{'lat': 55.709209, 'lon': 37.620794}",18
"Склад, 47.9 м² в Москве",60000,47.9,"Осташковская ул., 14с14",Медведково,16–20 мин.,17 марта 15:43,https://www.avito.ru/moskva/kommercheskaya_nedvizhimost/sklad_47.9_m_8022789296,"{'lat': 55.882633, 'lon': 37.679236}",21
"Торговая площадь, 28.8 м² в Москве",120000,28.8,"Каширское ш., 55к1",Москворечье,6–10 мин.,20 марта 23:34,https://www.avito.ru/moskva/kommercheskaya_nedvizhimost/torgovaya_ploschad_28.8_m_7962874890,"{'lat': 55.638083, 'lon': 37.693643}",13
"Торговая площадь, 12.2 м² в Москве",70000,12.2,"Большая Тульская ул., 2",Тульская,до 5 мин.,15 апреля 2024,https://www.avito.ru/moskva/kommercheskaya_nedvizhimost/torgovaya_ploschad_12.2_m_3816817772,"{'lat': 55.709209, 'lon': 37.620794}",18
"Маникюрный кабинет, 14 м² в Москве",55000,14.0,"Новослободская ул., 48",Менделеевская,6–10 мин.,18 июня 2024,https://www.avito.ru/moskva/kommercheskaya_nedvizhimost/manikyurnyy_kabinet_14_m_4331873647,"{'lat': 55.786249, 'lon': 37.595634}",11
"Свободного назначения, 39.3 м² в Москве",300000,39.3,"Мясницкая ул., 10с1",Лубянка,до 5 мин.,1 неделю назад,https://www.avito.ru/moskva/kommercheskaya_nedvizhimost/svobodnogo_naznacheniya_39.3_m_8049474755,"{'lat': 55.760193, 'lon': 37.631723}",10
"Торговая площадь, 15 м² в Москве",150000,15.0,"Большая Филёвская ул., 19/18к1",Багратионовская,до 5 мин.,3 дня назад,https://www.avito.ru/moskva/kommercheskaya_nedvizhimost/torgovaya_ploschad_15_m_8131451276,"{'lat': 55.746992, 'lon': 37.497689}",12
"Свободного назначения, 62 м² в Москве",83000,62.0,"МКАД, 24-й километр, 1А",Домодедовская,от 31 мин.,11 мая 2021,https://www.avito.ru/moskva/kommercheskaya_nedvizhimost/svobodnogo_naznacheniya_62_m_1736106265,"{'lat': 55.589151, 'lon': 37.727038}",12
"Свободного назначения, 13.7 м² в Москве",18000,13.7,"Ул. Дмитриевского, 9",Улица Дмитриевского,6–10 мин.,23 января 15:23,https://www.avito.ru/moskva/kommercheskaya_nedvizhimost/svobodnogo_naznacheniya_13.7_m_7927648729,"{'lat': 55.70887, 'lon': 37.888792}",13
"Торговая площадь, 34 м² в Москве",90000,34.0,"Воронцовская ул., 2/10с1",Таганская,до 5 мин.,15 мая 2024,https://www.avito.ru/moskva/kommercheskaya_nedvizhimost/torgovaya_ploschad_34_m_3880611619,"{'lat': 55.740625, 'lon': 37.654308}",8
"Под Озон, максимум бренда, 59 м² в Москве",180000,59.0,"Ул. Маршала Бирюзова, 20к1",Октябрьское поле,до 5 мин.,3 дня назад,https://www.avito.ru/moskva/kommercheskaya_nedvizhimost/pod_ozon_maksimum_brenda_59_m_8059638970,"{'lat': 55.795677, 'lon': 37.490268}",21
Аренда помещения 25.5 м² на трафике у остановки в Москве,2900,25.5,"Ул. Екатерины Будановой, 5",Рабочий Посёлок,11–15 мин.,Вчера,https://www.avito.ru/moskva/kommercheskaya_nedvizhimost/arenda_pomescheniya_25.5_m_na_trafike_u_ostanovki_8090638886,"{'lat': 55.732173, 'lon': 37.427179}",16
"Реальное предложение Офис, 81.7 м² в Москве",289000,81.7,"Кастанаевская ул., 16с1",Багратионовская,6–10 мин.,26 ноября 2025,https://www.avito.ru/moskva/kommercheskaya_nedvizhimost/realnoe_predlozhenie_ofis_81.7_m_7765772943,"{'lat': 55.739084, 'lon': 37.492494}",16
"Свободного назначения, 29 м² в Москве",3380,29.0,"Рублёвское ш., 70к7",Крылатское,от 31 мин.,3 дня назад,https://www.avito.ru/moskva/kommercheskaya_nedvizhimost/svobodnogo_naznacheniya_29_m_8059103676,"{'lat': 55.771098, 'lon': 37.377574}",11
"Офис, 15 м² в Москве",47000,15.0,"Садовая-Сухаревская ул., 2/34с1",Цветной бульвар,до 5 мин.,Вчера,https://www.avito.ru/moskva/kommercheskaya_nedvizhimost/ofis_15_m_8070953293,"{'lat': 55.77328, 'lon': 37.62196}",9
"Свободного назначения, 8 м² в Москве",25000,8.0,"Ленинградское ш., 228к1",Молжаниново,11–15 мин.,29 июля 2025,https://www.avito.ru/moskva/kommercheskaya_nedvizhimost/svobodnogo_naznacheniya_8_m_7541464746,"{'lat': 55.930972, 'lon': 37.384682}",15
"Офис, 15 м² в Москве",35000,15.0,"Долгопрудная аллея, 15к3",Долгопрудная,6–10 мин.,14 марта 07:50,https://www.avito.ru/moskva/kommercheskaya_nedvizhimost/ofis_15_m_7921900238,"{'lat': 55.938924, 'lon': 37.529524}",12
"Свободного назначения, от собственника, 26 м² в Москве",48000,26.0,"Хоромный тупик, 2/6",Красные ворота,до 5 мин.,25 декабря 2025,https://www.avito.ru/moskva/kommercheskaya_nedvizhimost/svobodnogo_naznacheniya_ot_sobstvennika_26_m_7806569662,"{'lat': 55.767946, 'lon': 37.648437}",10
